Age,TypeofContact,CityTier,DurationOfPitch,Occupation,Gender,NumberOfPersonVisiting,NumberOfFollowups,ProductPitched,PreferredPropertyStar,MaritalStatus,NumberOfTrips,Passport,PitchSatisfactionScore,OwnCar,NumberOfChildrenVisiting,Designation,MonthlyIncome,ProdTaken
37.0,self enquiry,1,16.0,salaried,female,2,3.0,basic,5.0,married,1.0,1,3,1,0.0,executive,17782.0,0
39.0,self enquiry,2,8.0,salaried,female,2,4.0,deluxe,3.0,married,1.0,0,3,1,0.0,manager,20204.0,0
40.0,self enquiry,3,8.0,salaried,female,3,3.0,king,3.0,divorced,1.0,0,3,0,0.0,vp,33041.0,0
29.0,company invited,1,9.0,salaried,male,3,5.0,basic,3.0,divorced,3.0,1,4,1,1.0,executive,22545.0,0
34.0,self enquiry,2,9.0,salaried,male,3,4.0,basic,3.0,divorced,3.0,0,2,0,1.0,executive,22278.0,0
58.0,self enquiry,1,7.0,small business,male,3,4.0,deluxe,3.0,married,4.0,0,3,0,2.0,manager,25433.0,0
44.0,self enquiry,1,10.0,small business,male,2,3.0,deluxe,4.0,single,1.0,0,2,1,0.0,manager,20933.0,0
38.0,self enquiry,1,7.0,salaried,female,3,4.0,basic,3.0,single,3.0,0,1,1,1.0,executive,20793.0,0
45.0,self enquiry,2,7.0,small business,male,4,5.0,standard,5.0,married,2.0,0,4,1,1.0,senior manager,29160.0,1
38.0,company invited,1,16.0,small business,male,3,3.0,basic,3.0,divorced,1.0,0,5,0,2.0,executive,17684.0,0
50.0,self enquiry,1,7.0,large business,female,3,5.0,super deluxe,3.0,single,2.0,1,3,0,1.0,avp,32642.0,0
29.0,self enquiry,1,10.0,large business,female,3,4.0,basic,5.0,married,2.0,0,4,0,0.0,executive,17109.0,0
54.0,self enquiry,1,9.0,large business,female,4,5.0,standard,3.0,married,2.0,0,5,1,3.0,senior manager,28847.0,1
59.0,self enquiry,1,30.0,small business,female,4,4.0,standard,3.0,divorced,3.0,0,3,1,1.0,senior manager,28990.0,1
27.0,company invited,1,8.0,small business,male,2,3.0,basic,3.0,single,3.0,0,3,0,1.0,executive,17580.0,0
48.0,self enquiry,1,16.0,salaried,female,4,4.0,basic,3.0,single,6.0,0,3,1,1.0,executive,20783.0,0
36.0,self enquiry,1,16.0,salaried,male,4,5.0,deluxe,4.0,single,2.0,0,1,0,2.0,manager,25218.0,0
55.0,self enquiry,3,10.0,small business,female,3,4.0,deluxe,5.0,married,4.0,0,4,1,1.0,manager,24618.0,0
28.0,company invited,1,15.0,salaried,male,3,6.0,basic,3.0,married,3.0,0,1,1,2.0,executive,23299.0,0
27.0,self enquiry,3,11.0,small business,male,3,5.0,deluxe,3.0,single,3.0,1,1,1,1.0,manager,24506.0,1
32.0,self enquiry,1,14.0,small business,female,3,1.0,deluxe,3.0,divorced,6.0,0,3,1,2.0,manager,20175.0,0
26.0,self enquiry,1,7.0,salaried,female,4,4.0,deluxe,3.0,divorced,2.0,0,3,1,2.0,manager,23576.0,0
30.0,self enquiry,1,7.0,large business,male,3,4.0,basic,3.0,single,2.0,0,1,0,1.0,executive,20736.0,1
47.0,self enquiry,3,17.0,small business,female,4,5.0,standard,3.0,married,4.0,1,1,0,1.0,senior manager,27749.0,0
28.0,self enquiry,1,11.0,salaried,female,4,4.0,basic,3.0,single,3.0,0,1,0,1.0,executive,20996.0,0
43.0,self enquiry,1,8.0,small business,female,3,2.0,basic,3.0,married,2.0,0,2,0,1.0,executive,17645.0,0
45.0,self enquiry,1,17.0,salaried,male,3,4.0,deluxe,3.0,married,4.0,1,3,0,2.0,manager,25143.0,0
49.0,self enquiry,3,9.0,small business,male,3,2.0,deluxe,4.0,married,5.0,0,3,0,2.0,manager,26798.0,0
48.0,self enquiry,1,11.0,salaried,female,4,5.0,standard,4.0,married,2.0,1,4,1,3.0,senior manager,29011.0,0
31.0,company invited,1,30.0,salaried,male,4,6.0,basic,3.0,married,3.0,0,3,0,1.0,executive,21291.0,0
37.0,self enquiry,3,17.0,large business,female,4,5.0,deluxe,3.0,married,3.0,1,1,1,3.0,manager,24351.0,0
54.0,self enquiry,1,30.0,salaried,female,4,4.0,super deluxe,3.0,single,8.0,0,5,1,2.0,avp,32953.0,0
45.0,self enquiry,1,26.0,small business,male,3,3.0,super deluxe,3.0,divorced,1.0,1,3,0,0.0,avp,28496.0,0
32.0,self enquiry,1,8.0,salaried,male,3,3.0,basic,4.0,single,2.0,0,3,1,1.0,executive,16393.0,1
27.0,self enquiry,1,7.0,small business,male,4,4.0,basic,5.0,single,2.0,0,5,1,3.0,executive,21545.0,0
33.0,company invited,1,12.0,salaried,female,3,2.0,basic,3.0,single,5.0,1,1,0,2.0,executive,21110.0,1
25.0,self enquiry,1,6.0,large business,male,2,3.0,basic,3.0,divorced,5.0,0,5,1,1.0,executive,18229.0,0
32.0,self enquiry,2,15.0,small business,female,4,2.0,basic,4.0,single,2.0,0,1,0,3.0,executive,20787.0,0
38.0,company invited,1,18.0,salaried,male,3,4.0,standard,3.0,married,3.0,1,3,1,2.0,senior manager,30863.0,0
29.0,self enquiry,1,13.0,small business,female,3,4.0,basic,3.0,married,7.0,0,5,1,1.0,executive,17532.0,0
28.0,self enquiry,3,16.0,small business,male,3,3.0,basic,4.0,married,2.0,0,5,0,2.0,executive,16052.0,0
30.0,company invited,3,18.0,salaried,male,3,4.0,basic,5.0,married,2.0,0,5,1,2.0,executive,17033.0,1
34.0,self enquiry,1,21.0,small business,female,4,4.0,basic,4.0,divorced,3.0,0,5,0,1.0,executive,21434.0,0
39.0,self enquiry,1,17.0,small business,female,4,4.0,deluxe,3.0,divorced,5.0,0,3,1,3.0,manager,28502.0,0
43.0,self enquiry,1,13.0,salaried,female,2,3.0,standard,5.0,divorced,1.0,0,5,1,0.0,senior manager,24985.0,0
51.0,self enquiry,1,24.0,salaried,female,3,5.0,standard,5.0,married,7.0,0,3,1,1.0,senior manager,31947.0,0
37.0,self enquiry,1,13.0,salaried,female,3,2.0,basic,3.0,married,5.0,0,1,0,1.0,executive,21716.0,0
57.0,company invited,1,7.0,salaried,male,3,4.0,deluxe,3.0,married,3.0,0,3,0,1.0,manager,24984.0,0
33.0,company invited,1,9.0,salaried,male,4,4.0,basic,3.0,single,2.0,0,5,1,2.0,executive,21746.0,0
51.0,self enquiry,1,12.0,salaried,male,2,3.0,king,3.0,single,1.0,0,5,1,0.0,vp,34537.0,0
27.0,company invited,3,6.0,small business,male,3,3.0,deluxe,4.0,married,1.0,1,1,0,1.0,manager,21349.0,0
42.0,self enquiry,1,23.0,salaried,female,2,1.0,deluxe,5.0,single,4.0,1,1,1,1.0,manager,21545.0,0
27.0,company invited,3,14.0,salaried,male,2,3.0,standard,3.0,single,2.0,0,2,1,0.0,senior manager,23726.0,0
45.0,self enquiry,1,17.0,salaried,male,4,4.0,basic,3.0,single,3.0,1,3,1,1.0,executive,21614.0,1
32.0,self enquiry,2,25.0,salaried,male,3,2.0,basic,5.0,married,2.0,0,1,1,1.0,executive,21634.0,1
29.0,self enquiry,1,6.0,salaried,female,2,4.0,super deluxe,3.0,married,4.0,0,2,0,1.0,avp,31124.0,0
46.0,company invited,1,14.0,salaried,male,4,3.0,deluxe,3.0,divorced,6.0,0,2,0,3.0,manager,25112.0,0
40.0,self enquiry,1,7.0,small business,male,3,2.0,standard,3.0,married,2.0,0,3,1,1.0,senior manager,28291.0,0
28.0,company invited,1,31.0,salaried,male,4,5.0,basic,3.0,single,3.0,1,3,1,2.0,executive,21212.0,1
49.0,self enquiry,1,7.0,salaried,male,4,5.0,standard,3.0,single,2.0,1,5,0,1.0,senior manager,24059.0,1
45.0,self enquiry,1,9.0,salaried,female,4,2.0,standard,3.0,married,3.0,1,4,1,1.0,senior manager,26557.0,0
56.0,self enquiry,3,33.0,small business,male,3,5.0,king,3.0,married,3.0,0,3,1,2.0,vp,38264.0,0
39.0,self enquiry,1,9.0,salaried,male,3,4.0,basic,3.0,single,7.0,1,1,0,1.0,executive,22622.0,0
42.0,self enquiry,1,15.0,salaried,male,3,4.0,king,3.0,single,1.0,0,1,1,1.0,vp,34613.0,0
57.0,self enquiry,3,18.0,small business,female,3,5.0,deluxe,5.0,married,6.0,0,5,0,2.0,manager,24058.0,0
39.0,company invited,1,19.0,salaried,male,3,5.0,deluxe,5.0,married,4.0,0,5,1,1.0,manager,24966.0,0
33.0,self enquiry,3,20.0,salaried,male,4,4.0,deluxe,3.0,married,4.0,0,1,0,3.0,manager,23081.0,0
37.0,self enquiry,1,10.0,large business,male,2,4.0,deluxe,4.0,single,6.0,0,2,1,1.0,manager,23163.0,0
50.0,self enquiry,1,27.0,small business,female,4,4.0,deluxe,5.0,divorced,3.0,0,2,1,3.0,manager,25245.0,0
37.0,company invited,1,30.0,small business,male,3,2.0,deluxe,3.0,married,6.0,0,3,0,1.0,manager,21249.0,0
34.0,company invited,3,10.0,small business,female,3,3.0,deluxe,3.0,divorced,1.0,0,2,1,0.0,manager,21538.0,0
58.0,self enquiry,1,27.0,small business,female,3,3.0,deluxe,4.0,married,5.0,0,3,1,1.0,manager,25008.0,1
37.0,self enquiry,1,34.0,small business,male,4,4.0,deluxe,3.0,divorced,8.0,0,3,1,1.0,manager,23915.0,0
37.0,self enquiry,1,6.0,salaried,female,3,3.0,deluxe,4.0,married,7.0,0,1,1,2.0,manager,21447.0,0
37.0,company invited,3,18.0,large business,female,4,4.0,standard,3.0,married,2.0,0,5,0,3.0,senior manager,28416.0,0
23.0,self enquiry,1,9.0,large business,male,4,4.0,basic,3.0,divorced,2.0,0,5,1,3.0,executive,21201.0,0
30.0,self enquiry,1,22.0,salaried,female,3,5.0,deluxe,3.0,single,2.0,1,3,0,1.0,manager,22871.0,0
54.0,self enquiry,3,13.0,small business,male,3,4.0,deluxe,3.0,divorced,4.0,1,5,0,1.0,manager,20984.0,0
30.0,self enquiry,1,17.0,salaried,female,4,5.0,basic,5.0,single,8.0,1,5,1,2.0,executive,21082.0,1
38.0,company invited,3,16.0,small business,male,4,4.0,standard,4.0,married,3.0,0,2,1,1.0,senior manager,27512.0,0
45.0,company invited,1,24.0,salaried,male,4,6.0,basic,3.0,single,4.0,0,4,1,1.0,executive,20968.0,0
54.0,self enquiry,2,25.0,small business,male,2,3.0,standard,4.0,divorced,3.0,0,3,1,0.0,senior manager,25725.0,0
30.0,self enquiry,1,26.0,salaried,male,2,3.0,deluxe,5.0,divorced,1.0,0,4,1,0.0,manager,24957.0,0
53.0,self enquiry,3,8.0,small business,male,2,3.0,super deluxe,3.0,married,7.0,0,3,1,0.0,avp,29852.0,0
40.0,self enquiry,3,10.0,small business,male,3,4.0,standard,3.0,married,1.0,0,1,1,1.0,senior manager,25855.0,0
22.0,self enquiry,1,7.0,large business,female,4,5.0,basic,4.0,single,3.0,1,5,0,3.0,executive,20748.0,0
34.0,company invited,3,32.0,small business,female,3,4.0,deluxe,3.0,divorced,3.0,0,3,0,2.0,manager,23217.0,0
25.0,self enquiry,3,11.0,small business,male,2,4.0,deluxe,3.0,single,2.0,1,3,1,0.0,manager,20744.0,1
34.0,company invited,1,21.0,small business,male,3,3.0,super deluxe,5.0,married,1.0,0,4,1,2.0,avp,32007.0,0
42.0,self enquiry,1,8.0,salaried,male,3,4.0,deluxe,3.0,single,4.0,0,2,0,1.0,manager,21781.0,0
20.0,self enquiry,1,16.0,salaried,male,3,4.0,basic,5.0,single,3.0,0,3,0,2.0,executive,21230.0,0
43.0,company invited,1,15.0,small business,male,3,3.0,deluxe,3.0,married,4.0,1,3,1,2.0,manager,20679.0,0
35.0,self enquiry,1,6.0,small business,male,2,4.0,basic,3.0,divorced,7.0,0,2,1,1.0,executive,17258.0,0
46.0,self enquiry,1,36.0,small business,male,3,4.0,basic,3.0,single,7.0,0,2,1,1.0,executive,22130.0,0
47.0,self enquiry,1,8.0,salaried,female,2,3.0,super deluxe,3.0,married,2.0,1,4,1,0.0,avp,31752.0,0
40.0,self enquiry,1,8.0,small business,male,2,3.0,king,3.0,married,1.0,0,5,0,0.0,vp,34436.0,0
46.0,self enquiry,3,10.0,small business,female,2,4.0,king,4.0,divorced,3.0,0,5,1,0.0,vp,33789.0,0
24.0,self enquiry,1,23.0,salaried,female,3,3.0,basic,4.0,married,2.0,0,1,1,2.0,executive,17210.0,1
39.0,company invited,1,9.0,small business,female,3,5.0,basic,4.0,single,3.0,0,1,1,1.0,executive,21118.0,0
26.0,self enquiry,2,9.0,salaried,female,3,4.0,basic,4.0,married,6.0,0,4,0,1.0,executive,20865.0,0
28.0,self enquiry,3,16.0,small business,male,3,3.0,basic,4.0,divorced,2.0,0,5,1,1.0,executive,16052.0,0
23.0,company invited,1,10.0,salaried,male,3,5.0,basic,3.0,divorced,2.0,1,3,0,1.0,executive,21531.0,1
48.0,self enquiry,1,6.0,salaried,male,3,4.0,standard,3.0,single,1.0,1,5,0,2.0,senior manager,20381.0,1
53.0,company invited,3,8.0,small business,female,2,4.0,standard,4.0,divorced,3.0,0,2,0,1.0,senior manager,22525.0,0
33.0,self enquiry,1,10.0,small business,female,4,4.0,deluxe,5.0,married,3.0,0,1,1,1.0,manager,25403.0,0
41.0,company invited,3,9.0,small business,male,4,4.0,deluxe,4.0,divorced,7.0,0,4,1,3.0,manager,23005.0,0
35.0,self enquiry,3,11.0,salaried,male,4,4.0,standard,3.0,married,4.0,1,4,0,3.0,senior manager,28391.0,0
35.0,self enquiry,1,6.0,salaried,female,3,5.0,basic,3.0,married,2.0,0,3,0,1.0,executive,17977.0,0
50.0,self enquiry,1,7.0,large business,female,3,4.0,basic,5.0,married,4.0,0,4,0,1.0,executive,22258.0,0
35.0,company invited,1,7.0,small business,male,4,5.0,deluxe,5.0,single,2.0,0,2,1,3.0,manager,24021.0,0
37.0,company invited,3,7.0,small business,female,3,4.0,deluxe,3.0,single,6.0,0,2,1,2.0,manager,25331.0,0
36.0,self enquiry,3,8.0,small business,male,3,4.0,standard,3.0,married,2.0,0,1,1,1.0,senior manager,22596.0,0
54.0,self enquiry,3,7.0,small business,female,3,4.0,deluxe,5.0,single,2.0,0,1,1,2.0,manager,27059.0,0
37.0,self enquiry,3,10.0,small business,female,4,5.0,standard,3.0,married,2.0,0,3,1,1.0,senior manager,26322.0,0
26.0,self enquiry,3,34.0,small business,male,3,3.0,deluxe,4.0,divorced,2.0,0,3,1,0.0,manager,21272.0,0
31.0,self enquiry,1,7.0,small business,male,4,4.0,basic,4.0,married,3.0,0,5,0,2.0,executive,22426.0,0
38.0,self enquiry,1,18.0,small business,female,4,6.0,deluxe,4.0,married,7.0,0,4,1,1.0,manager,23455.0,1
35.0,self enquiry,1,13.0,salaried,female,3,5.0,deluxe,4.0,married,8.0,0,3,1,1.0,manager,23183.0,0
36.0,company invited,1,14.0,salaried,female,3,1.0,standard,5.0,married,1.0,0,3,0,1.0,senior manager,26713.0,0
50.0,self enquiry,1,35.0,salaried,male,2,4.0,super deluxe,3.0,married,1.0,0,5,1,1.0,avp,32046.0,0
28.0,self enquiry,1,15.0,small business,female,3,2.0,basic,3.0,married,2.0,0,4,0,1.0,executive,22195.0,0
35.0,self enquiry,3,7.0,small business,male,3,4.0,standard,3.0,single,3.0,0,5,1,1.0,senior manager,28566.0,0
30.0,self enquiry,1,14.0,salaried,male,3,4.0,deluxe,3.0,married,3.0,1,3,0,1.0,manager,25301.0,0
36.0,self enquiry,3,9.0,small business,female,3,4.0,standard,3.0,married,1.0,0,3,1,0.0,senior manager,22644.0,0
21.0,self enquiry,3,18.0,salaried,female,2,2.0,basic,4.0,single,2.0,0,5,0,1.0,executive,17716.0,1
27.0,self enquiry,1,6.0,salaried,female,3,3.0,standard,5.0,divorced,2.0,0,4,1,2.0,senior manager,22412.0,0
34.0,company invited,1,12.0,salaried,female,4,4.0,standard,4.0,married,8.0,0,3,1,2.0,senior manager,30556.0,0
26.0,self enquiry,1,6.0,salaried,female,2,4.0,basic,3.0,married,2.0,1,4,0,0.0,executive,17933.0,0
32.0,self enquiry,1,31.0,small business,female,4,5.0,deluxe,5.0,single,3.0,0,5,1,1.0,manager,25490.0,0
60.0,self enquiry,3,22.0,small business,male,2,3.0,deluxe,5.0,single,1.0,0,4,1,1.0,manager,20405.0,0
27.0,company invited,3,36.0,small business,male,4,6.0,deluxe,5.0,single,2.0,0,3,1,2.0,manager,23647.0,1
32.0,self enquiry,1,27.0,salaried,male,3,4.0,deluxe,3.0,married,3.0,0,5,0,1.0,manager,22875.0,0
42.0,self enquiry,3,30.0,salaried,male,4,4.0,standard,3.0,single,5.0,1,3,0,3.0,senior manager,25760.0,0
27.0,self enquiry,2,32.0,salaried,female,4,4.0,basic,3.0,married,3.0,0,4,1,2.0,executive,21620.0,0
26.0,self enquiry,3,15.0,salaried,male,3,3.0,deluxe,4.0,divorced,2.0,0,4,0,1.0,manager,23529.0,0
36.0,self enquiry,1,9.0,salaried,female,2,3.0,basic,3.0,married,6.0,0,2,1,0.0,executive,17835.0,0
61.0,self enquiry,1,7.0,small business,male,4,6.0,standard,3.0,married,5.0,0,5,0,1.0,senior manager,29561.0,0
31.0,self enquiry,2,24.0,salaried,male,2,1.0,basic,5.0,married,1.0,0,1,1,0.0,executive,17956.0,1
32.0,company invited,1,10.0,small business,male,3,4.0,basic,5.0,married,3.0,1,1,0,1.0,executive,21743.0,0
32.0,company invited,1,11.0,large business,male,3,3.0,basic,4.0,single,3.0,0,3,1,1.0,executive,17718.0,0
36.0,company invited,3,9.0,small business,male,2,4.0,standard,3.0,married,5.0,0,1,0,0.0,senior manager,24699.0,0
31.0,self enquiry,1,6.0,salaried,male,3,4.0,basic,5.0,divorced,2.0,0,4,0,0.0,executive,17218.0,0
38.0,self enquiry,3,17.0,salaried,female,3,5.0,deluxe,3.0,married,4.0,1,4,1,2.0,manager,25372.0,0
36.0,self enquiry,1,7.0,salaried,female,3,2.0,basic,3.0,single,5.0,0,3,1,2.0,executive,21184.0,0
54.0,self enquiry,3,9.0,small business,female,2,3.0,deluxe,5.0,divorced,3.0,0,4,1,1.0,manager,20940.0,0
35.0,self enquiry,1,14.0,salaried,female,3,4.0,standard,4.0,single,2.0,0,3,1,1.0,senior manager,30672.0,0
30.0,self enquiry,3,12.0,small business,male,3,5.0,deluxe,4.0,married,3.0,1,5,0,1.0,manager,22865.0,0
36.0,self enquiry,3,7.0,small business,male,3,5.0,deluxe,5.0,single,2.0,0,1,1,2.0,manager,22990.0,0
21.0,company invited,3,15.0,small business,male,2,3.0,basic,3.0,single,2.0,0,4,0,0.0,executive,17610.0,0
38.0,company invited,1,16.0,small business,male,3,4.0,basic,3.0,married,3.0,1,1,0,2.0,executive,21004.0,0
48.0,company invited,1,10.0,small business,male,2,4.0,super deluxe,3.0,married,3.0,0,5,1,1.0,avp,30202.0,0
29.0,self enquiry,1,10.0,small business,female,4,4.0,standard,4.0,married,2.0,0,4,0,1.0,senior manager,26333.0,0
41.0,self enquiry,1,16.0,salaried,male,3,4.0,basic,5.0,single,5.0,0,1,1,2.0,executive,20696.0,1
30.0,self enquiry,1,28.0,salaried,female,2,3.0,basic,3.0,divorced,5.0,1,2,0,1.0,executive,17132.0,1
37.0,self enquiry,1,9.0,small business,male,4,4.0,basic,3.0,single,6.0,0,5,1,2.0,executive,21197.0,0
42.0,self enquiry,3,27.0,small business,female,4,4.0,basic,4.0,single,3.0,1,4,0,3.0,executive,21818.0,1
42.0,company invited,1,32.0,small business,female,2,3.0,standard,5.0,divorced,4.0,1,3,0,1.0,senior manager,28191.0,0
43.0,self enquiry,1,7.0,salaried,female,4,4.0,basic,5.0,married,5.0,0,3,0,3.0,executive,21254.0,0
41.0,company invited,3,10.0,small business,male,2,3.0,deluxe,4.0,single,2.0,0,3,1,0.0,manager,24355.0,1
53.0,self enquiry,3,8.0,salaried,female,3,4.0,super deluxe,3.0,divorced,3.0,0,3,1,0.0,avp,30427.0,0
35.0,company invited,1,6.0,small business,male,3,3.0,basic,5.0,married,5.0,0,1,0,1.0,executive,17194.0,0
31.0,self enquiry,3,19.0,small business,male,3,4.0,deluxe,5.0,married,6.0,1,1,1,0.0,manager,17302.0,1
35.0,self enquiry,1,34.0,small business,female,4,4.0,basic,4.0,single,4.0,0,3,1,1.0,executive,20989.0,0
21.0,company invited,1,16.0,salaried,female,2,4.0,basic,3.0,single,2.0,0,4,1,0.0,executive,17625.0,1
30.0,self enquiry,1,11.0,large business,female,2,3.0,basic,5.0,married,6.0,0,5,0,1.0,executive,18204.0,0
38.0,self enquiry,3,15.0,small business,male,3,4.0,basic,4.0,divorced,1.0,0,4,0,0.0,executive,17899.0,0
52.0,self enquiry,1,10.0,small business,female,4,4.0,super deluxe,4.0,single,5.0,0,5,0,2.0,avp,32412.0,0
32.0,self enquiry,1,8.0,large business,male,2,4.0,deluxe,5.0,single,5.0,0,4,0,1.0,manager,17176.0,0
44.0,self enquiry,3,15.0,salaried,male,3,4.0,basic,5.0,married,4.0,0,1,1,2.0,executive,34190.0,1
34.0,self enquiry,1,13.0,salaried,male,3,3.0,deluxe,3.0,married,2.0,0,3,0,0.0,manager,17585.0,1
39.0,self enquiry,1,8.0,salaried,female,3,3.0,basic,5.0,married,2.0,1,1,1,0.0,executive,32123.0,1
53.0,self enquiry,3,13.0,small business,female,3,4.0,standard,3.0,married,1.0,1,1,0,1.0,senior manager,25934.0,0
34.0,self enquiry,1,7.0,salaried,female,3,5.0,deluxe,3.0,single,2.0,0,4,1,2.0,manager,25627.0,0
40.0,company invited,1,15.0,small business,female,2,3.0,standard,3.0,single,1.0,0,4,0,0.0,senior manager,28499.0,0
43.0,self enquiry,1,36.0,salaried,male,4,4.0,deluxe,4.0,divorced,3.0,0,3,1,2.0,manager,23112.0,0
32.0,company invited,3,27.0,salaried,male,4,2.0,basic,3.0,married,2.0,0,5,1,1.0,executive,21469.0,0
27.0,self enquiry,1,9.0,small business,male,2,4.0,basic,3.0,single,1.0,0,1,1,1.0,executive,17045.0,0
30.0,self enquiry,1,7.0,large business,male,4,5.0,basic,5.0,single,8.0,0,3,0,3.0,executive,21040.0,1
35.0,company invited,1,10.0,salaried,male,3,4.0,deluxe,3.0,single,2.0,0,2,1,1.0,manager,26434.0,0
46.0,self enquiry,1,8.0,large business,male,2,3.0,deluxe,3.0,married,3.0,0,2,1,0.0,manager,22379.0,0
36.0,self enquiry,1,7.0,large business,female,3,5.0,standard,5.0,married,3.0,1,1,1,0.0,senior manager,25252.0,0
30.0,self enquiry,1,9.0,large business,female,2,3.0,basic,5.0,single,6.0,1,4,0,0.0,executive,17657.0,1
30.0,company invited,1,17.0,salaried,female,3,5.0,basic,3.0,single,3.0,0,4,1,1.0,executive,25301.0,1
28.0,company invited,1,7.0,large business,male,3,5.0,deluxe,5.0,divorced,7.0,0,3,0,2.0,manager,22976.0,0
29.0,company invited,3,20.0,large business,female,3,4.0,deluxe,4.0,single,7.0,0,3,1,1.0,manager,22545.0,1
40.0,self enquiry,3,14.0,salaried,male,4,4.0,basic,3.0,married,3.0,1,1,1,3.0,executive,23212.0,1
46.0,self enquiry,3,16.0,salaried,female,3,3.0,standard,4.0,married,6.0,0,1,0,2.0,senior manager,22314.0,1
26.0,self enquiry,3,15.0,salaried,female,3,4.0,deluxe,3.0,married,2.0,1,1,1,2.0,manager,23585.0,0
36.0,self enquiry,3,23.0,small business,male,4,4.0,standard,4.0,married,2.0,0,1,1,2.0,senior manager,26698.0,0
32.0,self enquiry,3,12.0,large business,male,3,4.0,deluxe,3.0,married,3.0,0,5,0,2.0,manager,27024.0,0
29.0,company invited,1,7.0,small business,male,3,5.0,basic,4.0,married,3.0,0,4,1,1.0,executive,21274.0,1
29.0,self enquiry,3,16.0,small business,female,2,4.0,deluxe,4.0,married,2.0,1,5,1,0.0,manager,23268.0,0
33.0,self enquiry,1,36.0,salaried,female,3,5.0,basic,4.0,single,3.0,0,3,1,1.0,executive,21515.0,0
33.0,company invited,1,14.0,salaried,male,4,3.0,basic,4.0,divorced,3.0,0,2,0,2.0,executive,21472.0,0
58.0,self enquiry,1,8.0,salaried,male,2,3.0,king,4.0,single,1.0,1,3,1,1.0,vp,34246.0,1
33.0,self enquiry,3,17.0,small business,male,3,4.0,deluxe,3.0,single,3.0,0,4,1,2.0,manager,24074.0,0
30.0,self enquiry,1,16.0,salaried,male,2,5.0,basic,3.0,single,2.0,0,1,1,1.0,executive,22661.0,0
39.0,company invited,1,9.0,small business,female,4,5.0,basic,4.0,married,6.0,0,3,0,1.0,executive,21146.0,0
33.0,company invited,3,22.0,salaried,female,2,3.0,deluxe,3.0,married,2.0,1,1,0,0.0,manager,20368.0,0
50.0,self enquiry,3,18.0,small business,female,3,4.0,standard,3.0,divorced,3.0,0,4,0,2.0,senior manager,26332.0,1
37.0,self enquiry,3,9.0,salaried,male,2,3.0,standard,3.0,single,3.0,0,3,0,0.0,senior manager,22428.0,0
25.0,self enquiry,3,10.0,salaried,female,3,4.0,deluxe,3.0,divorced,2.0,0,4,1,1.0,manager,23677.0,0
48.0,company invited,3,11.0,small business,male,3,4.0,deluxe,3.0,single,5.0,0,4,0,2.0,manager,21654.0,0
44.0,self enquiry,3,34.0,small business,female,2,1.0,super deluxe,3.0,married,4.0,1,1,1,0.0,avp,28320.0,0
59.0,company invited,2,8.0,salaried,female,2,4.0,king,3.0,divorced,1.0,0,2,1,1.0,vp,33844.0,0
34.0,self enquiry,1,11.0,small business,female,3,5.0,basic,4.0,divorced,8.0,0,4,0,1.0,executive,21300.0,0
40.0,self enquiry,1,8.0,small business,female,3,3.0,basic,3.0,married,3.0,0,1,1,1.0,executive,17001.0,0
48.0,self enquiry,1,7.0,large business,male,4,4.0,basic,3.0,divorced,2.0,0,3,1,1.0,executive,22098.0,0
19.0,self enquiry,3,27.0,salaried,male,2,4.0,basic,4.0,single,2.0,1,1,1,1.0,executive,17121.0,1
38.0,company invited,1,7.0,small business,female,2,4.0,standard,3.0,married,4.0,1,3,0,1.0,senior manager,32281.0,0
35.0,self enquiry,1,22.0,salaried,male,3,3.0,standard,3.0,divorced,5.0,1,2,0,1.0,senior manager,22632.0,0
18.0,self enquiry,1,9.0,small business,male,2,3.0,basic,3.0,single,2.0,0,4,1,0.0,executive,16420.0,1
55.0,self enquiry,1,14.0,small business,female,2,3.0,super deluxe,3.0,married,3.0,1,3,0,1.0,avp,29756.0,0
25.0,self enquiry,3,34.0,salaried,male,2,4.0,deluxe,3.0,divorced,3.0,0,4,0,0.0,manager,23639.0,0
39.0,self enquiry,3,12.0,small business,male,2,1.0,standard,3.0,married,3.0,0,4,1,1.0,senior manager,23237.0,0
49.0,self enquiry,1,7.0,salaried,male,4,5.0,standard,3.0,single,2.0,1,5,0,3.0,senior manager,24059.0,1
38.0,company invited,1,15.0,salaried,male,3,3.0,deluxe,5.0,married,5.0,0,3,0,2.0,manager,21893.0,1
50.0,self enquiry,1,10.0,salaried,male,3,3.0,king,4.0,married,4.0,0,5,1,0.0,vp,34144.0,0
31.0,company invited,3,26.0,small business,female,2,3.0,deluxe,3.0,divorced,2.0,0,2,1,0.0,manager,21932.0,0
43.0,self enquiry,1,9.0,salaried,male,4,5.0,deluxe,3.0,single,5.0,0,2,0,2.0,manager,25459.0,0
30.0,self enquiry,3,13.0,small business,male,2,3.0,basic,4.0,single,1.0,0,1,0,0.0,executive,17983.0,0
38.0,self enquiry,1,17.0,small business,female,4,4.0,basic,5.0,married,8.0,0,1,1,3.0,executive,22130.0,0
46.0,self enquiry,3,9.0,salaried,male,4,4.0,deluxe,4.0,married,2.0,0,5,1,3.0,manager,23483.0,0
28.0,company invited,1,12.0,salaried,male,2,4.0,basic,3.0,married,2.0,1,4,1,0.0,executive,17703.0,0
31.0,self enquiry,2,14.0,small business,female,3,1.0,basic,4.0,single,1.0,0,1,0,2.0,executive,17109.0,0
26.0,self enquiry,1,13.0,small business,female,2,4.0,standard,5.0,married,1.0,1,4,1,1.0,senior manager,17875.0,1
26.0,company invited,1,6.0,small business,female,3,4.0,basic,3.0,married,2.0,0,1,0,0.0,executive,17007.0,0
47.0,self enquiry,1,31.0,small business,male,2,3.0,standard,3.0,single,3.0,0,3,1,0.0,senior manager,23633.0,0
18.0,company invited,1,14.0,small business,male,3,3.0,basic,3.0,single,2.0,0,5,1,0.0,executive,16904.0,1
27.0,company invited,2,28.0,salaried,female,2,4.0,basic,4.0,married,2.0,0,1,1,0.0,executive,17863.0,1
32.0,self enquiry,1,11.0,salaried,male,3,1.0,basic,4.0,married,1.0,1,1,1,2.0,executive,18298.0,0
30.0,self enquiry,3,18.0,large business,female,2,3.0,deluxe,3.0,single,1.0,0,2,1,0.0,manager,21577.0,0
35.0,self enquiry,1,6.0,small business,male,2,4.0,basic,3.0,married,7.0,0,1,1,1.0,executive,17258.0,0
49.0,self enquiry,1,6.0,large business,female,2,4.0,super deluxe,3.0,single,1.0,1,3,0,0.0,avp,28964.0,0
40.0,self enquiry,1,25.0,small business,male,1,3.0,deluxe,3.0,married,1.0,1,1,1,0.0,manager,17741.0,0
35.0,self enquiry,1,12.0,salaried,male,2,5.0,deluxe,3.0,single,2.0,0,5,1,0.0,manager,21646.0,0
35.0,self enquiry,1,10.0,salaried,male,3,3.0,basic,3.0,married,2.0,0,4,1,1.0,executive,16951.0,0
38.0,self enquiry,1,21.0,salaried,female,4,4.0,basic,5.0,married,3.0,0,4,1,1.0,executive,21712.0,0
22.0,self enquiry,1,8.0,large business,male,3,3.0,basic,3.0,divorced,1.0,0,5,1,2.0,executive,17523.0,0
39.0,self enquiry,1,6.0,small business,female,3,3.0,basic,3.0,married,1.0,0,3,0,1.0,executive,17232.0,0
38.0,self enquiry,1,7.0,salaried,female,4,4.0,deluxe,4.0,divorced,8.0,0,2,1,2.0,manager,25125.0,0
52.0,self enquiry,1,14.0,salaried,female,2,3.0,basic,5.0,divorced,1.0,0,1,1,1.0,executive,17950.0,0
35.0,self enquiry,1,17.0,small business,male,2,3.0,basic,3.0,married,1.0,1,5,0,0.0,executive,17660.0,0
47.0,self enquiry,1,8.0,small business,female,2,3.0,super deluxe,3.0,divorced,4.0,0,5,1,0.0,avp,32169.0,0
44.0,self enquiry,1,13.0,small business,female,2,4.0,standard,3.0,divorced,4.0,0,4,1,0.0,senior manager,25248.0,0
42.0,company invited,1,11.0,salaried,male,3,3.0,basic,3.0,married,5.0,0,3,0,1.0,executive,17093.0,0
28.0,company invited,3,7.0,small business,male,4,4.0,deluxe,4.0,married,2.0,1,1,0,2.0,manager,25027.0,0
34.0,self enquiry,3,16.0,small business,female,4,4.0,deluxe,5.0,single,2.0,1,3,0,1.0,manager,26902.0,1
52.0,self enquiry,1,9.0,small business,male,3,6.0,deluxe,4.0,married,7.0,0,2,0,1.0,manager,24160.0,0
41.0,company invited,1,15.0,small business,male,3,3.0,king,3.0,married,3.0,0,4,0,2.0,vp,34419.0,0
43.0,company invited,1,6.0,salaried,female,2,3.0,deluxe,3.0,divorced,5.0,0,2,1,1.0,manager,20562.0,0
55.0,self enquiry,1,6.0,small business,male,2,3.0,king,5.0,single,1.0,1,2,1,0.0,vp,34045.0,0
39.0,company invited,1,16.0,salaried,male,4,4.0,deluxe,5.0,married,6.0,0,3,0,3.0,manager,25571.0,1
28.0,self enquiry,1,12.0,salaried,female,3,4.0,basic,4.0,single,3.0,1,3,0,2.0,executive,21156.0,0
58.0,company invited,1,8.0,salaried,male,2,4.0,basic,3.0,married,1.0,1,1,1,0.0,executive,17380.0,1
43.0,self enquiry,3,15.0,small business,male,3,4.0,deluxe,4.0,divorced,2.0,0,3,0,2.0,manager,25503.0,0
34.0,self enquiry,1,25.0,small business,male,3,3.0,basic,3.0,married,1.0,0,3,0,0.0,executive,17661.0,0
56.0,self enquiry,1,29.0,large business,male,4,5.0,basic,4.0,married,7.0,0,1,1,2.0,executive,22215.0,0
38.0,self enquiry,1,14.0,small business,male,2,4.0,standard,3.0,single,6.0,0,2,0,1.0,senior manager,32342.0,0
35.0,self enquiry,1,9.0,salaried,male,4,5.0,basic,3.0,married,5.0,0,5,1,3.0,executive,21446.0,0
42.0,self enquiry,3,7.0,salaried,female,4,4.0,deluxe,3.0,single,2.0,1,4,0,3.0,manager,24671.0,1
28.0,self enquiry,1,7.0,salaried,female,4,4.0,standard,5.0,married,3.0,0,4,0,3.0,senior manager,26090.0,0
44.0,self enquiry,1,14.0,salaried,male,3,1.0,basic,3.0,divorced,3.0,1,3,1,2.0,executive,17818.0,0
57.0,self enquiry,1,14.0,salaried,male,3,6.0,standard,3.0,single,6.0,0,1,0,1.0,senior manager,25938.0,0
27.0,self enquiry,1,24.0,small business,male,4,6.0,basic,3.0,married,3.0,0,3,0,3.0,executive,20983.0,0
37.0,company invited,1,13.0,salaried,male,4,2.0,deluxe,5.0,married,5.0,1,4,1,2.0,manager,24240.0,0
34.0,company invited,3,25.0,small business,male,3,1.0,deluxe,3.0,single,1.0,1,1,0,0.0,manager,20304.0,1
33.0,company invited,3,14.0,salaried,female,2,4.0,basic,3.0,single,1.0,0,1,0,1.0,executive,17342.0,0
36.0,company invited,1,10.0,salaried,female,3,3.0,deluxe,4.0,married,1.0,0,3,1,1.0,manager,20131.0,0
33.0,self enquiry,1,8.0,salaried,female,2,3.0,basic,5.0,married,1.0,0,3,1,1.0,executive,17707.0,1
27.0,self enquiry,1,14.0,small business,female,3,5.0,standard,5.0,married,2.0,1,4,1,2.0,senior manager,21553.0,1
59.0,self enquiry,1,9.0,small business,female,2,2.0,basic,5.0,divorced,5.0,1,2,1,1.0,executive,17670.0,0
34.0,self enquiry,3,9.0,salaried,female,2,5.0,deluxe,3.0,single,6.0,0,1,1,0.0,manager,21029.0,0
24.0,company invited,1,13.0,salaried,female,2,3.0,basic,3.0,married,2.0,1,4,0,0.0,executive,17886.0,1
26.0,self enquiry,2,31.0,salaried,female,3,3.0,basic,3.0,married,2.0,0,4,1,1.0,executive,17942.0,0
35.0,self enquiry,1,29.0,salaried,male,2,4.0,deluxe,3.0,divorced,4.0,1,4,1,1.0,manager,20916.0,1
54.0,self enquiry,3,9.0,small business,male,3,4.0,super deluxe,3.0,married,8.0,0,3,1,1.0,avp,33530.0,0
34.0,self enquiry,1,26.0,large business,female,2,1.0,basic,3.0,divorced,1.0,0,1,1,0.0,executive,17585.0,0
49.0,self enquiry,1,28.0,salaried,female,3,3.0,super deluxe,4.0,married,4.0,0,4,0,1.0,avp,31413.0,0
41.0,self enquiry,3,10.0,small business,female,2,3.0,standard,3.0,married,1.0,1,1,0,1.0,senior manager,25447.0,0
33.0,self enquiry,1,11.0,salaried,female,4,5.0,deluxe,3.0,married,3.0,0,4,1,2.0,manager,24840.0,0
37.0,self enquiry,3,24.0,small business,male,3,5.0,deluxe,4.0,married,4.0,0,4,1,1.0,manager,24185.0,0
37.0,company invited,1,25.0,salaried,male,4,4.0,deluxe,3.0,single,4.0,0,3,1,1.0,manager,26457.0,0
33.0,self enquiry,1,10.0,salaried,female,3,4.0,standard,3.0,single,5.0,0,1,1,1.0,senior manager,29837.0,0
37.0,self enquiry,1,9.0,salaried,male,2,3.0,standard,3.0,divorced,2.0,0,2,1,0.0,senior manager,24434.0,0
51.0,self enquiry,1,14.0,salaried,male,2,4.0,standard,4.0,divorced,6.0,0,3,1,1.0,senior manager,27490.0,0
31.0,self enquiry,1,9.0,salaried,male,5,5.0,deluxe,3.0,married,3.0,0,4,1,2.0,manager,22830.0,0
43.0,self enquiry,3,19.0,small business,male,4,4.0,deluxe,3.0,married,5.0,1,1,0,1.0,manager,23765.0,0
55.0,company invited,1,8.0,small business,male,2,4.0,super deluxe,5.0,single,1.0,0,3,1,1.0,avp,31756.0,0
39.0,self enquiry,1,11.0,small business,female,3,4.0,basic,3.0,married,2.0,0,5,0,1.0,executive,21984.0,0
40.0,self enquiry,3,13.0,small business,male,3,2.0,standard,3.0,married,4.0,0,4,1,2.0,senior manager,26915.0,0
32.0,self enquiry,3,27.0,salaried,female,4,6.0,deluxe,3.0,married,5.0,1,3,0,3.0,manager,23237.0,1
39.0,self enquiry,3,7.0,salaried,female,3,5.0,deluxe,3.0,single,6.0,0,1,0,2.0,manager,27364.0,0
23.0,self enquiry,1,22.0,small business,female,3,4.0,basic,3.0,single,3.0,0,1,1,2.0,executive,21549.0,0
41.0,self enquiry,1,22.0,salaried,female,4,5.0,standard,3.0,married,3.0,0,1,1,2.0,senior manager,29113.0,0
35.0,self enquiry,3,21.0,small business,male,2,5.0,deluxe,3.0,married,7.0,1,1,1,1.0,manager,20440.0,1
43.0,company invited,2,9.0,small business,male,4,2.0,deluxe,5.0,divorced,2.0,0,2,0,3.0,manager,24950.0,0
42.0,self enquiry,1,35.0,salaried,female,3,5.0,super deluxe,4.0,married,2.0,0,5,1,2.0,avp,32248.0,0
38.0,self enquiry,3,16.0,small business,male,3,5.0,deluxe,4.0,married,3.0,0,4,0,2.0,manager,22867.0,0
60.0,self enquiry,1,10.0,small business,female,3,2.0,basic,5.0,married,6.0,1,1,0,2.0,executive,21348.0,0
31.0,self enquiry,1,14.0,salaried,female,2,4.0,basic,4.0,single,2.0,0,4,0,1.0,executive,16261.0,1
61.0,self enquiry,3,23.0,small business,male,3,4.0,deluxe,5.0,single,2.0,0,4,1,2.0,manager,24083.0,0
32.0,company invited,1,30.0,salaried,male,3,3.0,deluxe,3.0,divorced,2.0,0,4,1,0.0,manager,20309.0,0
44.0,self enquiry,1,10.0,small business,male,2,3.0,deluxe,4.0,single,1.0,0,1,1,1.0,manager,20933.0,0
38.0,self enquiry,3,7.0,salaried,male,3,5.0,standard,3.0,divorced,7.0,0,2,1,2.0,senior manager,29287.0,1
32.0,company invited,1,12.0,small business,male,4,4.0,deluxe,5.0,single,2.0,0,1,0,3.0,manager,28614.0,0
33.0,company invited,1,7.0,salaried,male,4,4.0,basic,3.0,married,2.0,0,5,0,1.0,executive,20992.0,0
36.0,self enquiry,1,29.0,salaried,male,3,6.0,basic,3.0,single,2.0,0,4,1,1.0,executive,22908.0,0
34.0,self enquiry,1,32.0,small business,male,3,5.0,basic,4.0,single,6.0,1,4,1,1.0,executive,20991.0,1
52.0,self enquiry,1,10.0,small business,female,4,4.0,super deluxe,4.0,single,5.0,0,5,1,2.0,avp,32412.0,0
33.0,company invited,3,23.0,salaried,male,2,3.0,super deluxe,3.0,single,2.0,0,3,1,0.0,avp,32444.0,0
52.0,self enquiry,1,6.0,salaried,male,3,3.0,super deluxe,3.0,married,3.0,0,1,1,2.0,avp,32099.0,0
34.0,self enquiry,1,16.0,small business,male,2,3.0,deluxe,5.0,single,2.0,0,4,0,0.0,manager,21125.0,1
60.0,self enquiry,1,13.0,salaried,female,2,3.0,king,5.0,married,6.0,0,5,1,0.0,vp,34566.0,0
47.0,self enquiry,3,8.0,salaried,female,3,4.0,basic,3.0,single,2.0,1,2,1,0.0,executive,18294.0,0
35.0,self enquiry,1,36.0,small business,male,3,4.0,deluxe,3.0,divorced,6.0,0,3,0,1.0,manager,24107.0,0
46.0,self enquiry,3,11.0,salaried,female,2,4.0,deluxe,5.0,married,6.0,1,4,0,1.0,manager,23684.0,0
60.0,self enquiry,3,10.0,salaried,female,3,5.0,deluxe,3.0,single,7.0,0,3,0,1.0,manager,23849.0,0
29.0,self enquiry,3,16.0,small business,male,2,4.0,deluxe,3.0,single,1.0,0,4,1,0.0,manager,20869.0,0
43.0,self enquiry,1,12.0,salaried,male,2,4.0,super deluxe,3.0,married,5.0,1,3,1,0.0,avp,31627.0,0
27.0,self enquiry,3,8.0,small business,male,2,3.0,basic,5.0,married,1.0,0,5,0,1.0,executive,18041.0,1
29.0,self enquiry,1,29.0,salaried,male,2,1.0,basic,3.0,divorced,2.0,0,2,1,1.0,executive,17700.0,0
57.0,self enquiry,1,30.0,salaried,male,4,4.0,super deluxe,4.0,divorced,6.0,1,4,1,3.0,avp,32080.0,0
33.0,self enquiry,1,15.0,small business,female,4,2.0,deluxe,3.0,divorced,7.0,0,3,1,3.0,manager,23853.0,0
35.0,company invited,1,26.0,small business,female,3,4.0,deluxe,4.0,married,6.0,0,3,1,1.0,manager,23122.0,0
30.0,self enquiry,1,6.0,salaried,male,2,4.0,deluxe,3.0,married,2.0,1,1,1,1.0,manager,20126.0,0
22.0,self enquiry,1,10.0,small business,male,4,5.0,basic,3.0,single,3.0,0,5,1,2.0,executive,21908.0,0
56.0,self enquiry,1,13.0,salaried,male,2,5.0,standard,3.0,single,5.0,0,1,0,0.0,senior manager,22260.0,0
47.0,company invited,1,22.0,small business,male,3,1.0,deluxe,3.0,married,2.0,1,2,0,0.0,manager,20067.0,0
45.0,self enquiry,2,30.0,small business,male,2,3.0,basic,4.0,single,2.0,0,4,0,0.0,executive,17177.0,0
39.0,self enquiry,1,36.0,small business,male,4,4.0,deluxe,5.0,married,2.0,1,3,1,3.0,manager,25351.0,1
34.0,self enquiry,1,21.0,small business,female,4,4.0,basic,4.0,married,3.0,0,5,1,2.0,executive,21434.0,0
36.0,self enquiry,1,29.0,salaried,male,3,6.0,basic,3.0,single,2.0,0,4,1,2.0,executive,22908.0,0
53.0,self enquiry,3,13.0,small business,female,3,4.0,standard,3.0,divorced,1.0,1,2,0,0.0,senior manager,25934.0,0
38.0,self enquiry,1,15.0,salaried,female,3,3.0,basic,3.0,single,2.0,0,1,1,2.0,executive,17288.0,0
32.0,company invited,3,27.0,salaried,male,4,2.0,basic,3.0,divorced,2.0,0,5,1,2.0,executive,21469.0,0
42.0,self enquiry,1,12.0,salaried,male,3,2.0,deluxe,4.0,single,5.0,0,5,1,1.0,manager,25548.0,0
38.0,self enquiry,1,26.0,salaried,male,4,4.0,basic,4.0,divorced,6.0,0,4,1,2.0,executive,21700.0,0
24.0,company invited,1,15.0,salaried,male,2,4.0,basic,4.0,married,2.0,0,5,1,0.0,executive,17694.0,0
29.0,self enquiry,1,24.0,small business,male,2,4.0,basic,3.0,single,2.0,1,3,0,1.0,executive,17389.0,1
48.0,self enquiry,3,21.0,small business,male,3,4.0,deluxe,5.0,single,4.0,0,2,0,2.0,manager,23638.0,0
27.0,company invited,1,14.0,small business,male,4,4.0,basic,3.0,single,3.0,0,4,1,3.0,executive,21248.0,0
34.0,self enquiry,1,14.0,small business,male,3,4.0,standard,3.0,married,2.0,0,4,1,1.0,senior manager,30369.0,0
18.0,company invited,1,11.0,salaried,male,3,3.0,basic,3.0,single,2.0,0,1,0,1.0,executive,16051.0,0
29.0,self enquiry,3,16.0,small business,male,2,3.0,basic,4.0,married,2.0,0,1,1,0.0,executive,17297.0,0
25.0,self enquiry,2,29.0,salaried,male,3,6.0,basic,3.0,married,3.0,0,1,0,2.0,executive,20233.0,1
41.0,company invited,3,12.0,salaried,male,3,5.0,standard,5.0,divorced,7.0,1,5,0,2.0,senior manager,29153.0,0
25.0,self enquiry,1,24.0,small business,female,3,5.0,deluxe,3.0,married,3.0,0,3,1,2.0,manager,23055.0,0
35.0,self enquiry,1,28.0,salaried,female,3,1.0,standard,4.0,married,1.0,0,5,1,2.0,senior manager,26996.0,0
33.0,company invited,1,9.0,salaried,male,3,3.0,basic,5.0,single,2.0,1,5,1,2.0,executive,18348.0,1
24.0,self enquiry,1,29.0,small business,male,2,2.0,basic,3.0,divorced,2.0,1,4,0,1.0,executive,17725.0,0
30.0,company invited,1,9.0,salaried,male,2,3.0,basic,3.0,divorced,5.0,0,3,0,1.0,executive,17097.0,0
31.0,company invited,1,9.0,small business,female,3,4.0,basic,3.0,single,2.0,0,4,1,1.0,executive,21242.0,0
27.0,self enquiry,1,7.0,small business,male,3,5.0,basic,5.0,divorced,3.0,0,3,0,2.0,executive,22633.0,0
57.0,self enquiry,1,6.0,small business,male,2,3.0,deluxe,3.0,married,3.0,0,3,0,1.0,manager,21755.0,0
55.0,self enquiry,3,24.0,salaried,female,2,3.0,super deluxe,4.0,single,4.0,0,1,1,0.0,avp,31835.0,0
41.0,company invited,1,8.0,salaried,female,3,4.0,deluxe,3.0,single,3.0,1,1,0,0.0,manager,21811.0,0
48.0,company invited,1,23.0,small business,male,4,2.0,deluxe,3.0,married,3.0,1,2,0,1.0,manager,23745.0,0
30.0,company invited,3,9.0,salaried,male,3,4.0,deluxe,3.0,single,3.0,0,1,0,2.0,manager,23232.0,0
41.0,self enquiry,1,18.0,large business,female,2,3.0,king,3.0,divorced,2.0,0,4,1,0.0,vp,34545.0,1
42.0,self enquiry,1,9.0,salaried,female,3,6.0,basic,3.0,married,6.0,1,3,0,1.0,executive,21456.0,1
39.0,self enquiry,1,9.0,small business,male,3,4.0,deluxe,3.0,married,1.0,0,4,0,2.0,manager,18069.0,0
35.0,self enquiry,1,9.0,small business,male,4,2.0,basic,3.0,married,2.0,1,1,0,2.0,executive,21610.0,0
31.0,self enquiry,1,9.0,salaried,female,3,6.0,deluxe,3.0,single,4.0,0,1,1,1.0,manager,24769.0,0
28.0,company invited,1,8.0,small business,male,2,4.0,basic,5.0,single,1.0,0,4,0,0.0,executive,17561.0,1
45.0,self enquiry,1,34.0,large business,female,2,4.0,super deluxe,4.0,single,2.0,0,3,1,0.0,avp,31704.0,0
32.0,self enquiry,3,20.0,small business,male,4,5.0,deluxe,5.0,married,7.0,1,1,1,1.0,manager,20980.0,1
26.0,self enquiry,3,11.0,small business,male,3,5.0,deluxe,5.0,married,3.0,0,3,1,2.0,manager,22934.0,0
35.0,self enquiry,1,22.0,small business,male,2,1.0,basic,4.0,married,1.0,0,4,1,1.0,executive,17426.0,0
43.0,self enquiry,1,20.0,salaried,male,3,3.0,super deluxe,5.0,divorced,7.0,0,5,1,0.0,avp,32159.0,0
33.0,company invited,1,6.0,small business,male,2,4.0,basic,3.0,married,2.0,0,3,0,0.0,executive,17008.0,0
40.0,self enquiry,1,17.0,small business,male,4,4.0,standard,3.0,single,2.0,0,3,1,1.0,senior manager,32142.0,0
37.0,company invited,1,16.0,small business,male,3,3.0,standard,3.0,married,7.0,0,3,1,2.0,senior manager,25048.0,1
52.0,self enquiry,1,16.0,salaried,male,4,4.0,basic,3.0,married,5.0,0,3,1,1.0,executive,20753.0,0
38.0,company invited,1,29.0,salaried,male,2,4.0,standard,3.0,single,1.0,0,3,0,0.0,senior manager,24526.0,0
49.0,company invited,3,14.0,small business,female,4,4.0,basic,3.0,married,4.0,1,4,1,2.0,executive,21333.0,1
38.0,company invited,1,16.0,small business,male,3,3.0,basic,3.0,married,1.0,0,5,0,0.0,executive,17684.0,0
36.0,self enquiry,1,12.0,salaried,male,2,3.0,basic,3.0,married,1.0,0,5,1,1.0,executive,18210.0,0
45.0,self enquiry,1,12.0,salaried,male,2,3.0,standard,5.0,married,5.0,1,3,1,1.0,senior manager,28245.0,0
48.0,self enquiry,1,9.0,small business,female,4,4.0,deluxe,3.0,married,7.0,0,1,0,1.0,manager,23748.0,0
29.0,self enquiry,3,9.0,small business,female,3,3.0,deluxe,3.0,married,2.0,0,1,0,0.0,manager,20561.0,0
40.0,self enquiry,3,22.0,small business,male,4,4.0,super deluxe,5.0,single,2.0,0,1,1,3.0,avp,32019.0,0
28.0,self enquiry,1,30.0,small business,male,2,3.0,basic,4.0,married,2.0,1,1,0,0.0,executive,17408.0,1
43.0,company invited,1,35.0,large business,female,3,5.0,deluxe,3.0,married,2.0,0,3,0,2.0,manager,23201.0,0
49.0,self enquiry,1,14.0,salaried,female,2,3.0,standard,4.0,divorced,5.0,0,4,0,0.0,senior manager,22403.0,0
39.0,company invited,1,30.0,salaried,male,3,5.0,standard,3.0,single,2.0,0,3,0,1.0,senior manager,28204.0,0
36.0,self enquiry,1,17.0,salaried,male,3,4.0,basic,3.0,married,3.0,0,5,0,1.0,executive,22595.0,0
22.0,self enquiry,3,29.0,large business,male,3,4.0,basic,3.0,single,3.0,0,2,1,2.0,executive,22125.0,0
42.0,self enquiry,1,8.0,salaried,male,2,3.0,king,3.0,married,6.0,0,3,1,1.0,vp,33880.0,0
34.0,self enquiry,1,16.0,small business,male,3,4.0,basic,3.0,married,2.0,0,1,0,2.0,executive,21459.0,0
49.0,self enquiry,3,36.0,small business,female,4,4.0,standard,3.0,married,5.0,0,4,0,2.0,senior manager,31182.0,0
37.0,company invited,2,9.0,salaried,male,4,5.0,deluxe,3.0,single,3.0,0,3,1,1.0,manager,22564.0,0
25.0,self enquiry,1,9.0,salaried,male,2,3.0,basic,5.0,married,5.0,0,5,1,0.0,executive,16118.0,1
55.0,self enquiry,3,32.0,small business,male,2,4.0,king,3.0,married,2.0,0,3,1,1.0,vp,34586.0,0
49.0,self enquiry,1,31.0,salaried,female,2,3.0,basic,5.0,married,2.0,0,3,0,0.0,executive,18211.0,0
39.0,self enquiry,1,36.0,large business,male,3,4.0,deluxe,3.0,married,5.0,0,1,0,1.0,manager,24939.0,0
41.0,self enquiry,3,6.0,small business,male,2,2.0,standard,5.0,divorced,2.0,0,3,1,1.0,senior manager,23392.0,0
35.0,company invited,1,23.0,salaried,female,4,5.0,basic,3.0,single,3.0,0,5,1,2.0,executive,21231.0,0
39.0,self enquiry,3,17.0,small business,male,4,5.0,standard,3.0,married,2.0,1,3,1,1.0,senior manager,27418.0,0
36.0,self enquiry,3,7.0,small business,male,4,4.0,standard,4.0,divorced,3.0,0,4,1,3.0,senior manager,25973.0,0
35.0,self enquiry,1,7.0,salaried,male,3,5.0,basic,3.0,divorced,3.0,1,2,0,1.0,executive,22300.0,0
36.0,self enquiry,3,24.0,salaried,male,4,4.0,deluxe,5.0,married,5.0,1,3,0,3.0,manager,27644.0,0
55.0,self enquiry,1,16.0,salaried,female,4,4.0,deluxe,3.0,married,5.0,0,5,0,2.0,manager,21575.0,0
31.0,company invited,3,8.0,salaried,female,2,4.0,basic,3.0,single,1.0,0,5,0,1.0,executive,17785.0,1
43.0,company invited,1,36.0,salaried,female,4,4.0,deluxe,3.0,married,4.0,0,3,1,2.0,manager,23234.0,0
30.0,self enquiry,3,15.0,small business,male,2,3.0,basic,3.0,single,2.0,0,5,0,0.0,executive,16081.0,1
22.0,company invited,1,22.0,small business,male,3,1.0,basic,3.0,married,2.0,1,3,0,2.0,executive,17935.0,0
35.0,self enquiry,1,15.0,small business,female,4,4.0,deluxe,3.0,single,5.0,0,4,1,2.0,manager,24820.0,0
35.0,self enquiry,3,7.0,small business,male,4,2.0,deluxe,3.0,married,2.0,0,5,1,3.0,manager,28403.0,0
35.0,self enquiry,1,17.0,salaried,male,3,4.0,basic,4.0,married,3.0,0,2,1,1.0,executive,20686.0,0
41.0,self enquiry,3,6.0,salaried,female,3,3.0,deluxe,3.0,single,1.0,1,4,0,2.0,manager,20993.0,1
38.0,self enquiry,1,15.0,salaried,female,3,3.0,basic,3.0,single,2.0,0,2,1,1.0,executive,17288.0,0
46.0,self enquiry,3,16.0,small business,male,4,4.0,standard,5.0,married,6.0,1,2,1,1.0,senior manager,29439.0,0
53.0,self enquiry,1,13.0,salaried,male,2,1.0,super deluxe,3.0,married,4.0,0,1,0,1.0,avp,29814.0,0
23.0,company invited,1,11.0,large business,male,3,5.0,basic,3.0,single,7.0,0,5,1,1.0,executive,22572.0,1
42.0,company invited,3,32.0,small business,female,3,3.0,super deluxe,4.0,divorced,6.0,0,3,1,2.0,avp,28525.0,0
43.0,company invited,1,33.0,small business,female,3,4.0,standard,5.0,married,5.0,1,3,0,1.0,senior manager,31869.0,0
50.0,self enquiry,1,10.0,salaried,male,3,3.0,king,4.0,married,4.0,0,5,0,1.0,vp,34144.0,0
35.0,self enquiry,3,14.0,large business,male,3,4.0,basic,3.0,married,2.0,1,1,0,2.0,executive,20986.0,0
46.0,self enquiry,1,13.0,salaried,male,3,4.0,standard,5.0,married,6.0,1,3,1,2.0,senior manager,31923.0,0
30.0,self enquiry,3,13.0,small business,male,2,3.0,basic,4.0,single,1.0,0,2,1,0.0,executive,17983.0,0
26.0,self enquiry,1,31.0,salaried,male,2,5.0,basic,3.0,single,2.0,0,2,1,1.0,executive,17293.0,1
30.0,self enquiry,1,26.0,large business,male,3,4.0,deluxe,3.0,married,6.0,0,5,0,1.0,manager,22940.0,0
40.0,self enquiry,3,12.0,large business,male,3,4.0,deluxe,3.0,married,5.0,0,1,0,1.0,manager,20764.0,1
37.0,company invited,1,10.0,large business,male,3,4.0,basic,4.0,divorced,3.0,0,3,1,2.0,executive,22370.0,0
24.0,self enquiry,1,11.0,small business,female,3,4.0,basic,4.0,single,3.0,0,3,1,2.0,executive,21973.0,0
35.0,company invited,1,31.0,salaried,female,3,3.0,basic,4.0,married,2.0,1,3,1,1.0,executive,17022.0,1
52.0,self enquiry,3,21.0,salaried,female,3,4.0,deluxe,3.0,divorced,6.0,0,3,0,2.0,manager,23614.0,0
36.0,company invited,1,18.0,small business,male,4,5.0,standard,5.0,married,4.0,1,5,1,3.0,senior manager,28562.0,0
31.0,self enquiry,1,14.0,salaried,female,3,3.0,super deluxe,4.0,single,4.0,0,1,1,0.0,avp,31422.0,0
32.0,self enquiry,1,9.0,salaried,male,3,4.0,basic,3.0,married,2.0,1,4,1,2.0,executive,21373.0,0
47.0,self enquiry,1,7.0,small business,male,4,4.0,standard,5.0,married,2.0,0,2,0,1.0,senior manager,28074.0,0
39.0,self enquiry,1,25.0,small business,male,3,6.0,deluxe,3.0,married,5.0,1,5,0,2.0,manager,24489.0,0
25.0,company invited,1,11.0,salaried,male,3,5.0,basic,3.0,married,2.0,0,3,0,2.0,executive,21840.0,0
31.0,company invited,3,11.0,small business,female,2,3.0,basic,4.0,married,2.0,0,3,0,0.0,executive,17789.0,0
29.0,self enquiry,3,8.0,small business,male,3,4.0,deluxe,4.0,divorced,3.0,0,4,0,1.0,manager,21644.0,0
49.0,self enquiry,1,24.0,salaried,male,2,4.0,king,3.0,married,2.0,1,3,0,1.0,vp,34502.0,0
37.0,company invited,3,10.0,small business,male,2,3.0,basic,3.0,married,5.0,0,4,1,0.0,executive,17793.0,0
36.0,self enquiry,1,12.0,salaried,female,2,1.0,basic,3.0,married,4.0,0,1,0,0.0,executive,18038.0,0
27.0,self enquiry,1,17.0,salaried,male,3,3.0,basic,5.0,divorced,1.0,0,5,1,2.0,executive,17099.0,0
37.0,company invited,1,31.0,salaried,female,3,4.0,deluxe,4.0,married,2.0,0,3,1,2.0,manager,24352.0,0
20.0,self enquiry,1,16.0,small business,male,2,3.0,basic,3.0,single,2.0,1,5,0,0.0,executive,16009.0,1
40.0,self enquiry,1,8.0,small business,male,2,3.0,king,3.0,married,1.0,0,5,1,0.0,vp,34436.0,0
24.0,self enquiry,1,24.0,salaried,male,2,3.0,basic,3.0,divorced,1.0,0,4,1,0.0,executive,17774.0,0
53.0,self enquiry,1,15.0,small business,male,3,5.0,deluxe,4.0,divorced,4.0,0,2,1,2.0,manager,23619.0,1
39.0,self enquiry,1,6.0,salaried,female,3,4.0,super deluxe,3.0,married,2.0,0,3,1,0.0,avp,27742.0,0
22.0,self enquiry,3,19.0,salaried,female,3,3.0,basic,4.0,single,3.0,0,5,0,2.0,executive,21394.0,1
51.0,self enquiry,1,31.0,salaried,male,4,4.0,super deluxe,3.0,married,5.0,1,4,1,3.0,avp,32651.0,0
33.0,self enquiry,1,13.0,small business,male,2,3.0,standard,3.0,married,1.0,0,4,1,0.0,senior manager,26691.0,0
37.0,company invited,3,10.0,small business,male,3,5.0,standard,3.0,divorced,6.0,0,2,0,2.0,senior manager,28377.0,0
27.0,self enquiry,1,14.0,salaried,male,4,2.0,basic,5.0,single,2.0,0,1,1,1.0,executive,22256.0,0
59.0,self enquiry,3,17.0,small business,male,3,4.0,super deluxe,3.0,single,2.0,0,3,0,2.0,avp,32550.0,0
55.0,self enquiry,1,9.0,large business,female,3,4.0,standard,3.0,married,2.0,0,4,0,1.0,senior manager,32227.0,0
25.0,self enquiry,1,24.0,salaried,female,4,4.0,basic,4.0,married,3.0,0,1,1,3.0,executive,20888.0,1
35.0,company invited,3,30.0,small business,male,4,4.0,deluxe,3.0,single,2.0,0,5,0,2.0,manager,23246.0,0
52.0,self enquiry,1,8.0,salaried,female,2,4.0,basic,3.0,single,1.0,0,3,1,0.0,executive,18212.0,0
44.0,self enquiry,2,9.0,salaried,male,4,4.0,basic,3.0,single,2.0,0,1,0,1.0,executive,22217.0,0
51.0,self enquiry,1,15.0,salaried,male,3,3.0,basic,3.0,divorced,4.0,0,3,1,0.0,executive,17075.0,0
28.0,self enquiry,1,6.0,salaried,male,3,4.0,basic,3.0,married,2.0,0,4,0,1.0,executive,16563.0,0
30.0,self enquiry,1,8.0,salaried,female,2,5.0,deluxe,3.0,single,3.0,0,2,0,1.0,manager,21091.0,0
37.0,company invited,1,17.0,salaried,male,2,3.0,standard,3.0,married,2.0,1,3,0,1.0,senior manager,27185.0,0
36.0,self enquiry,1,16.0,salaried,female,4,5.0,standard,3.0,married,3.0,1,4,1,3.0,senior manager,29363.0,0
40.0,company invited,1,29.0,small business,female,3,4.0,standard,5.0,single,3.0,1,5,1,1.0,senior manager,29558.0,0
37.0,self enquiry,3,10.0,salaried,male,3,5.0,standard,3.0,divorced,3.0,1,2,1,1.0,senior manager,29003.0,1
42.0,self enquiry,1,13.0,small business,male,4,5.0,deluxe,4.0,single,8.0,1,3,1,3.0,manager,24710.0,0
41.0,company invited,1,15.0,small business,male,3,5.0,standard,4.0,married,4.0,0,1,1,2.0,senior manager,32435.0,0
41.0,company invited,1,8.0,salaried,female,3,4.0,deluxe,3.0,single,3.0,1,2,0,0.0,manager,21811.0,0
40.0,self enquiry,1,15.0,salaried,male,2,3.0,basic,5.0,single,4.0,0,1,1,1.0,executive,17018.0,1
40.0,company invited,3,27.0,salaried,male,3,4.0,deluxe,3.0,married,4.0,0,3,1,1.0,manager,22805.0,0
30.0,self enquiry,1,10.0,small business,male,4,5.0,standard,3.0,married,3.0,0,1,0,3.0,senior manager,30613.0,0
39.0,self enquiry,1,36.0,small business,male,4,4.0,deluxe,5.0,divorced,2.0,1,3,0,2.0,manager,25351.0,1
23.0,self enquiry,1,9.0,large business,male,4,4.0,basic,3.0,married,2.0,0,5,1,1.0,executive,21201.0,0
37.0,self enquiry,1,16.0,small business,male,4,5.0,basic,3.0,married,2.0,1,1,1,3.0,executive,22066.0,1
25.0,self enquiry,3,11.0,small business,male,2,4.0,deluxe,3.0,single,2.0,1,3,0,1.0,manager,20744.0,1
51.0,self enquiry,3,15.0,small business,male,3,4.0,basic,4.0,divorced,2.0,0,2,1,1.0,executive,22553.0,0
46.0,company invited,3,33.0,salaried,female,4,4.0,deluxe,5.0,married,4.0,0,1,0,3.0,manager,22964.0,1
30.0,self enquiry,3,10.0,small business,female,4,4.0,deluxe,3.0,divorced,3.0,0,2,0,1.0,manager,24239.0,0
19.0,company invited,1,16.0,small business,female,3,4.0,basic,4.0,single,2.0,1,5,0,2.0,executive,16859.0,1
48.0,self enquiry,3,8.0,small business,male,2,2.0,deluxe,4.0,divorced,4.0,0,3,1,0.0,manager,23120.0,0
43.0,self enquiry,3,31.0,small business,male,3,4.0,standard,3.0,married,6.0,0,4,1,1.0,senior manager,25798.0,0
40.0,company invited,1,16.0,salaried,male,4,4.0,deluxe,4.0,single,22.0,0,2,1,1.0,manager,25460.0,0
41.0,self enquiry,3,29.0,salaried,male,3,3.0,standard,3.0,single,4.0,1,3,0,2.0,senior manager,22082.0,0
46.0,self enquiry,1,32.0,salaried,female,4,5.0,deluxe,3.0,married,2.0,0,4,0,1.0,manager,24584.0,0
30.0,self enquiry,1,34.0,small business,female,3,3.0,deluxe,3.0,married,2.0,0,3,1,2.0,manager,20775.0,0
33.0,self enquiry,1,27.0,small business,male,3,1.0,basic,4.0,married,2.0,0,1,1,1.0,executive,17028.0,0
23.0,self enquiry,1,15.0,salaried,male,4,6.0,basic,5.0,married,3.0,0,1,0,2.0,executive,21129.0,0
34.0,self enquiry,1,15.0,salaried,male,2,3.0,standard,3.0,married,1.0,0,5,1,1.0,senior manager,23500.0,0
29.0,self enquiry,1,13.0,small business,female,3,4.0,basic,3.0,married,7.0,0,5,1,0.0,executive,17532.0,0
38.0,self enquiry,1,18.0,small business,female,4,4.0,basic,3.0,single,6.0,0,3,0,2.0,executive,22307.0,0
42.0,self enquiry,1,16.0,salaried,male,4,4.0,basic,5.0,divorced,4.0,0,2,0,3.0,executive,20916.0,0
57.0,company invited,3,13.0,salaried,female,3,3.0,super deluxe,5.0,divorced,2.0,0,3,1,1.0,avp,31890.0,0
35.0,self enquiry,3,35.0,small business,female,4,5.0,deluxe,3.0,married,3.0,0,5,1,1.0,manager,25390.0,0
32.0,company invited,3,14.0,small business,female,2,3.0,standard,3.0,single,2.0,0,4,1,1.0,senior manager,23998.0,0
36.0,company invited,1,17.0,salaried,male,3,4.0,deluxe,4.0,single,2.0,0,4,1,1.0,manager,21499.0,0
33.0,company invited,3,6.0,salaried,female,2,2.0,deluxe,5.0,divorced,3.0,0,3,1,0.0,manager,20376.0,0
31.0,self enquiry,1,25.0,salaried,female,4,4.0,basic,3.0,single,3.0,0,1,1,3.0,executive,21310.0,0
37.0,self enquiry,1,9.0,small business,male,4,4.0,basic,3.0,single,6.0,0,5,1,1.0,executive,21197.0,0
23.0,self enquiry,1,10.0,salaried,female,3,4.0,deluxe,3.0,married,2.0,1,5,1,2.0,manager,22849.0,1
35.0,self enquiry,1,22.0,salaried,male,3,3.0,standard,3.0,married,5.0,1,1,0,0.0,senior manager,22632.0,0
31.0,self enquiry,3,12.0,small business,male,3,1.0,deluxe,3.0,married,5.0,0,5,1,1.0,manager,20460.0,0
34.0,company invited,1,9.0,salaried,male,2,4.0,basic,3.0,divorced,4.0,0,2,1,0.0,executive,17979.0,0
43.0,self enquiry,1,31.0,small business,male,3,4.0,standard,5.0,married,3.0,1,1,1,1.0,senior manager,26084.0,0
56.0,company invited,1,15.0,small business,female,3,3.0,basic,3.0,divorced,3.0,0,2,0,0.0,executive,17942.0,0
42.0,self enquiry,1,26.0,salaried,male,3,4.0,deluxe,5.0,married,4.0,0,2,1,1.0,manager,21750.0,0
36.0,self enquiry,3,7.0,small business,male,3,4.0,deluxe,3.0,divorced,2.0,0,3,1,1.0,manager,23395.0,0
33.0,company invited,3,12.0,salaried,male,3,4.0,deluxe,4.0,divorced,3.0,0,3,1,2.0,manager,25202.0,0
36.0,self enquiry,1,25.0,salaried,male,3,2.0,deluxe,5.0,married,3.0,0,3,0,2.0,manager,23886.0,0
37.0,self enquiry,3,6.0,salaried,male,2,4.0,standard,3.0,divorced,6.0,0,2,1,1.0,senior manager,25609.0,1
45.0,self enquiry,1,11.0,small business,female,2,5.0,deluxe,5.0,single,2.0,1,3,1,0.0,manager,20769.0,0
31.0,self enquiry,3,19.0,large business,female,3,4.0,deluxe,3.0,single,2.0,0,1,1,2.0,manager,25255.0,0
40.0,self enquiry,3,28.0,small business,male,3,4.0,deluxe,3.0,divorced,3.0,1,3,1,1.0,manager,21380.0,1
32.0,company invited,3,8.0,salaried,female,3,3.0,basic,5.0,married,2.0,0,3,0,1.0,executive,17827.0,0
45.0,self enquiry,1,16.0,salaried,male,4,4.0,basic,5.0,divorced,3.0,1,3,1,1.0,executive,21237.0,0
41.0,self enquiry,3,33.0,small business,male,4,4.0,deluxe,5.0,married,3.0,0,1,1,3.0,manager,27074.0,0
29.0,company invited,1,6.0,salaried,male,3,1.0,deluxe,3.0,single,1.0,1,3,0,1.0,manager,21294.0,0
36.0,company invited,1,24.0,small business,female,3,3.0,basic,3.0,single,2.0,0,3,0,1.0,executive,17153.0,0
50.0,company invited,2,9.0,small business,male,2,3.0,king,4.0,divorced,2.0,0,2,1,0.0,vp,33200.0,0
22.0,self enquiry,1,12.0,small business,male,3,3.0,basic,3.0,married,1.0,0,1,1,1.0,executive,17773.0,0
43.0,company invited,1,13.0,small business,male,2,1.0,basic,3.0,married,5.0,0,4,1,0.0,executive,17089.0,0
59.0,self enquiry,1,30.0,salaried,male,3,4.0,basic,3.0,married,3.0,0,3,1,2.0,executive,21050.0,0
36.0,self enquiry,3,35.0,salaried,female,4,5.0,basic,3.0,married,2.0,0,4,1,3.0,executive,21108.0,0
29.0,self enquiry,1,9.0,small business,male,3,4.0,standard,3.0,married,2.0,0,1,0,2.0,senior manager,26935.0,0
28.0,self enquiry,1,13.0,salaried,male,3,5.0,basic,3.0,married,3.0,0,1,1,2.0,executive,21217.0,0
28.0,self enquiry,1,13.0,small business,female,4,5.0,basic,3.0,married,2.0,0,1,0,2.0,executive,20865.0,0
31.0,self enquiry,3,13.0,salaried,male,2,4.0,basic,3.0,married,4.0,0,4,1,1.0,executive,17329.0,0
36.0,self enquiry,1,14.0,large business,female,2,3.0,standard,3.0,married,2.0,0,4,1,1.0,senior manager,25096.0,0
40.0,self enquiry,1,8.0,small business,female,2,4.0,basic,3.0,single,1.0,1,3,0,0.0,executive,17342.0,0
46.0,company invited,1,30.0,salaried,male,3,4.0,deluxe,5.0,married,3.0,1,1,1,1.0,manager,22311.0,0
31.0,self enquiry,1,27.0,salaried,male,3,4.0,deluxe,5.0,married,2.0,0,4,0,2.0,manager,28635.0,0
34.0,self enquiry,1,6.0,salaried,male,2,3.0,basic,3.0,married,2.0,0,3,1,1.0,executive,17691.0,0
32.0,company invited,1,9.0,salaried,male,4,4.0,basic,3.0,divorced,8.0,1,3,1,2.0,executive,22400.0,1
46.0,company invited,1,13.0,small business,female,1,3.0,deluxe,3.0,married,3.0,0,5,1,0.0,manager,20258.0,0
28.0,self enquiry,1,10.0,small business,male,3,5.0,basic,3.0,single,2.0,0,1,1,2.0,executive,20723.0,0
36.0,self enquiry,1,11.0,salaried,male,3,3.0,deluxe,4.0,single,1.0,0,2,0,2.0,manager,20914.0,0
30.0,self enquiry,3,11.0,small business,female,1,4.0,deluxe,3.0,married,2.0,0,1,1,0.0,manager,21118.0,0
29.0,self enquiry,1,14.0,small business,male,3,4.0,deluxe,3.0,married,2.0,1,3,1,1.0,manager,20056.0,0
36.0,self enquiry,3,14.0,salaried,female,3,4.0,deluxe,3.0,married,3.0,1,4,1,2.0,manager,23882.0,0
32.0,self enquiry,3,14.0,small business,male,4,4.0,deluxe,3.0,married,6.0,0,2,0,1.0,manager,26225.0,0
27.0,self enquiry,3,36.0,small business,male,3,4.0,deluxe,3.0,married,7.0,0,5,0,1.0,manager,22984.0,0
38.0,self enquiry,1,7.0,large business,female,3,4.0,standard,3.0,single,6.0,0,5,1,1.0,senior manager,26169.0,0
26.0,self enquiry,1,7.0,large business,male,3,4.0,basic,3.0,divorced,6.0,0,5,1,2.0,executive,21907.0,0
41.0,self enquiry,3,17.0,small business,male,4,5.0,standard,4.0,married,4.0,0,4,0,1.0,senior manager,28383.0,0
37.0,self enquiry,2,20.0,salaried,male,3,4.0,basic,4.0,divorced,6.0,0,3,1,1.0,executive,20821.0,0
32.0,self enquiry,3,9.0,salaried,male,4,4.0,deluxe,3.0,single,6.0,1,5,1,2.0,manager,25260.0,0
31.0,company invited,1,9.0,small business,male,3,3.0,standard,3.0,married,1.0,0,4,1,2.0,senior manager,28675.0,0
45.0,self enquiry,3,35.0,small business,female,3,2.0,super deluxe,3.0,married,5.0,1,1,1,1.0,avp,31998.0,0
40.0,self enquiry,3,16.0,large business,female,2,4.0,deluxe,4.0,married,1.0,0,5,1,0.0,manager,21852.0,0
23.0,self enquiry,1,10.0,small business,female,2,3.0,basic,4.0,single,2.0,0,3,1,1.0,executive,18295.0,0
32.0,self enquiry,3,25.0,salaried,male,3,5.0,standard,3.0,married,4.0,0,3,1,2.0,senior manager,24610.0,0
28.0,self enquiry,1,35.0,salaried,male,3,5.0,deluxe,4.0,divorced,2.0,0,1,1,2.0,manager,21549.0,0
25.0,company invited,1,8.0,salaried,male,3,1.0,deluxe,3.0,married,2.0,0,1,0,1.0,manager,20206.0,0
53.0,self enquiry,1,8.0,small business,male,2,1.0,super deluxe,4.0,single,5.0,0,1,1,0.0,avp,31598.0,0
54.0,company invited,3,9.0,small business,female,3,5.0,standard,4.0,divorced,4.0,0,2,0,2.0,senior manager,26203.0,0
36.0,self enquiry,1,28.0,salaried,female,3,4.0,deluxe,3.0,divorced,3.0,1,3,0,2.0,manager,22692.0,0
37.0,self enquiry,1,13.0,salaried,male,3,4.0,basic,3.0,divorced,2.0,0,5,1,2.0,executive,21888.0,0
31.0,self enquiry,1,13.0,small business,female,2,3.0,standard,3.0,single,2.0,1,4,1,1.0,senior manager,22143.0,0
36.0,self enquiry,2,19.0,salaried,male,2,3.0,basic,4.0,divorced,5.0,0,3,1,0.0,executive,17143.0,0
42.0,self enquiry,3,13.0,small business,male,3,4.0,standard,3.0,single,3.0,0,5,1,1.0,senior manager,27919.0,0
59.0,self enquiry,1,16.0,small business,female,4,5.0,basic,4.0,married,6.0,1,1,1,2.0,executive,22024.0,0
33.0,self enquiry,1,11.0,salaried,female,3,4.0,basic,3.0,divorced,2.0,0,2,0,2.0,executive,17911.0,0
36.0,self enquiry,1,9.0,salaried,male,3,5.0,standard,4.0,married,4.0,0,4,1,1.0,senior manager,28952.0,0
41.0,company invited,1,15.0,small business,male,3,3.0,king,3.0,married,3.0,0,4,1,2.0,vp,34419.0,0
50.0,self enquiry,3,18.0,small business,female,4,4.0,deluxe,3.0,single,5.0,0,4,0,2.0,manager,23185.0,0
30.0,self enquiry,1,9.0,large business,female,2,3.0,basic,5.0,single,6.0,1,4,1,1.0,executive,17657.0,1
43.0,self enquiry,1,18.0,salaried,male,2,4.0,super deluxe,4.0,married,2.0,0,3,1,1.0,avp,29336.0,0
36.0,self enquiry,3,25.0,small business,female,3,4.0,deluxe,3.0,married,3.0,0,4,1,2.0,manager,23279.0,0
36.0,company invited,3,18.0,small business,male,3,4.0,deluxe,3.0,married,3.0,0,5,0,1.0,manager,23646.0,0
20.0,self enquiry,1,17.0,small business,female,3,4.0,basic,5.0,single,2.0,1,3,1,2.0,executive,17600.0,1
38.0,self enquiry,3,13.0,small business,female,2,1.0,deluxe,5.0,married,2.0,1,3,1,1.0,manager,20605.0,0
44.0,company invited,1,9.0,salaried,male,4,4.0,basic,3.0,married,8.0,1,3,0,1.0,executive,28909.0,1
28.0,company invited,3,7.0,small business,male,4,4.0,deluxe,4.0,divorced,2.0,1,2,0,3.0,manager,25027.0,0
46.0,self enquiry,1,16.0,salaried,male,3,4.0,deluxe,4.0,married,2.0,0,4,1,1.0,manager,21026.0,0
27.0,company invited,1,7.0,salaried,female,4,6.0,basic,3.0,married,5.0,0,4,1,3.0,executive,23042.0,0
35.0,self enquiry,3,31.0,small business,female,3,5.0,deluxe,4.0,single,2.0,1,5,1,1.0,manager,23277.0,1
38.0,self enquiry,1,6.0,large business,female,3,3.0,standard,5.0,divorced,2.0,0,4,1,2.0,senior manager,28582.0,0
52.0,self enquiry,3,9.0,small business,male,2,4.0,super deluxe,5.0,divorced,2.0,0,5,1,0.0,avp,31856.0,0
38.0,company invited,1,8.0,salaried,female,3,1.0,deluxe,5.0,single,7.0,1,1,0,0.0,manager,20980.0,0
24.0,self enquiry,1,33.0,salaried,male,3,4.0,basic,3.0,married,3.0,0,1,0,2.0,executive,21582.0,0
21.0,self enquiry,1,24.0,salaried,female,3,3.0,basic,3.0,single,2.0,0,3,1,2.0,executive,17693.0,1
28.0,self enquiry,1,26.0,salaried,male,4,5.0,basic,5.0,married,3.0,0,1,0,1.0,executive,22744.0,0
37.0,self enquiry,1,16.0,small business,male,3,5.0,deluxe,4.0,married,4.0,1,4,0,2.0,manager,27525.0,0
50.0,self enquiry,1,13.0,small business,female,2,4.0,king,3.0,married,6.0,1,4,1,1.0,vp,33740.0,0
33.0,self enquiry,1,12.0,salaried,male,4,3.0,basic,4.0,married,2.0,1,2,1,1.0,executive,21976.0,0
32.0,self enquiry,1,16.0,salaried,male,3,4.0,standard,4.0,married,3.0,0,3,0,1.0,senior manager,29326.0,0
60.0,self enquiry,1,25.0,small business,male,4,4.0,standard,3.0,single,8.0,0,3,1,2.0,senior manager,29190.0,0
40.0,self enquiry,3,8.0,salaried,female,3,3.0,king,3.0,married,1.0,0,3,1,0.0,vp,33041.0,0
25.0,self enquiry,3,19.0,small business,male,2,3.0,basic,3.0,divorced,2.0,0,3,1,0.0,executive,17096.0,0
37.0,self enquiry,1,10.0,salaried,male,4,2.0,deluxe,5.0,married,8.0,0,1,1,3.0,manager,25520.0,0
47.0,self enquiry,1,8.0,small business,female,3,3.0,deluxe,3.0,married,6.0,0,2,0,1.0,manager,20070.0,0
29.0,self enquiry,3,12.0,small business,male,4,4.0,deluxe,3.0,single,3.0,0,3,0,2.0,manager,23586.0,0
31.0,self enquiry,2,16.0,salaried,male,3,4.0,deluxe,3.0,divorced,2.0,1,3,1,2.0,manager,25025.0,0
24.0,company invited,3,8.0,salaried,female,3,4.0,basic,4.0,single,3.0,1,5,1,2.0,executive,19901.0,1
36.0,self enquiry,3,11.0,large business,male,3,4.0,standard,5.0,single,2.0,1,4,1,2.0,senior manager,28260.0,1
33.0,self enquiry,3,7.0,small business,female,3,4.0,standard,3.0,married,3.0,0,5,1,1.0,senior manager,29100.0,0
26.0,self enquiry,1,12.0,salaried,female,2,4.0,basic,4.0,divorced,2.0,0,3,1,0.0,executive,17368.0,0
28.0,company invited,3,27.0,salaried,female,3,4.0,deluxe,3.0,single,3.0,0,1,1,2.0,manager,28659.0,0
48.0,self enquiry,3,21.0,small business,male,3,4.0,deluxe,5.0,single,4.0,0,1,1,2.0,manager,23638.0,0
19.0,self enquiry,3,11.0,salaried,male,3,3.0,standard,4.0,single,1.0,1,4,1,0.0,senior manager,17994.0,1
32.0,self enquiry,1,7.0,small business,male,3,4.0,basic,4.0,single,3.0,0,3,0,1.0,executive,21179.0,0
30.0,self enquiry,3,11.0,small business,female,1,4.0,deluxe,3.0,married,2.0,0,2,0,0.0,manager,21118.0,0
32.0,self enquiry,3,13.0,salaried,male,4,6.0,deluxe,3.0,married,6.0,1,3,0,3.0,manager,24850.0,1
52.0,self enquiry,1,7.0,salaried,male,4,4.0,basic,3.0,married,3.0,0,4,1,1.0,executive,21401.0,0
43.0,company invited,1,16.0,salaried,female,2,4.0,deluxe,3.0,married,2.0,0,3,0,0.0,manager,20257.0,0
60.0,company invited,1,21.0,salaried,female,3,4.0,standard,3.0,single,2.0,1,5,1,1.0,senior manager,29190.0,1
28.0,company invited,3,15.0,salaried,male,3,4.0,standard,3.0,single,3.0,0,2,1,1.0,senior manager,27404.0,0
36.0,self enquiry,1,8.0,salaried,female,2,3.0,deluxe,4.0,single,1.0,1,3,1,0.0,manager,20410.0,0
29.0,self enquiry,1,13.0,salaried,male,2,3.0,deluxe,3.0,married,2.0,1,3,0,0.0,manager,21623.0,0
37.0,self enquiry,3,12.0,small business,male,3,3.0,deluxe,3.0,divorced,5.0,0,3,0,0.0,manager,21502.0,0
31.0,company invited,3,13.0,small business,female,3,3.0,standard,5.0,married,3.0,0,1,1,2.0,senior manager,24637.0,0
59.0,self enquiry,1,9.0,large business,male,3,4.0,basic,3.0,single,6.0,0,2,1,2.0,executive,21157.0,1
36.0,self enquiry,1,33.0,small business,male,3,3.0,deluxe,3.0,married,7.0,0,3,0,0.0,manager,20237.0,0
59.0,self enquiry,1,9.0,salaried,male,3,4.0,basic,3.0,married,4.0,0,3,0,0.0,executive,17177.0,0
32.0,self enquiry,1,14.0,small business,female,3,4.0,standard,3.0,single,3.0,1,4,1,2.0,senior manager,25821.0,0
41.0,self enquiry,1,8.0,salaried,female,2,5.0,basic,3.0,married,5.0,1,3,0,1.0,executive,17778.0,1
37.0,self enquiry,1,16.0,salaried,female,2,3.0,basic,5.0,married,1.0,1,3,1,1.0,executive,17782.0,0
33.0,self enquiry,3,20.0,salaried,male,4,4.0,deluxe,3.0,married,4.0,0,2,0,1.0,manager,23081.0,0
43.0,self enquiry,1,24.0,salaried,female,3,2.0,deluxe,5.0,single,5.0,1,1,1,2.0,manager,25223.0,0
32.0,self enquiry,1,15.0,salaried,female,3,3.0,deluxe,3.0,divorced,2.0,1,5,1,2.0,manager,21322.0,0
33.0,self enquiry,3,13.0,small business,male,3,4.0,deluxe,3.0,single,3.0,0,5,1,2.0,manager,23688.0,0
33.0,self enquiry,1,6.0,small business,female,3,2.0,super deluxe,3.0,married,5.0,0,2,0,2.0,avp,31184.0,0
34.0,company invited,3,12.0,small business,female,2,5.0,basic,3.0,married,1.0,0,4,0,1.0,executive,17351.0,1
40.0,self enquiry,1,30.0,small business,male,4,4.0,basic,5.0,single,2.0,0,3,0,3.0,executive,22582.0,1
31.0,company invited,1,16.0,small business,female,2,3.0,standard,3.0,married,5.0,0,1,1,1.0,senior manager,26031.0,0
31.0,company invited,1,9.0,small business,male,3,3.0,standard,3.0,married,1.0,0,4,1,0.0,senior manager,28675.0,0
43.0,company invited,1,16.0,salaried,female,2,4.0,deluxe,3.0,married,2.0,0,3,1,0.0,manager,20257.0,0
36.0,self enquiry,1,32.0,salaried,male,3,5.0,deluxe,3.0,single,6.0,0,2,0,2.0,manager,22359.0,0
36.0,self enquiry,2,15.0,large business,male,4,4.0,basic,3.0,single,3.0,0,5,0,2.0,executive,23001.0,0
41.0,self enquiry,3,26.0,small business,female,3,3.0,basic,4.0,single,2.0,1,4,0,2.0,executive,18140.0,1
19.0,self enquiry,2,8.0,large business,male,2,4.0,basic,3.0,single,2.0,0,3,1,1.0,executive,17564.0,1
43.0,company invited,1,13.0,small business,male,2,2.0,basic,3.0,married,5.0,0,4,0,1.0,executive,17089.0,0
44.0,self enquiry,1,15.0,salaried,female,3,4.0,deluxe,4.0,married,6.0,0,3,1,1.0,manager,23443.0,0
48.0,company invited,3,34.0,salaried,female,4,2.0,deluxe,3.0,single,6.0,1,4,1,3.0,manager,25075.0,1
20.0,self enquiry,1,10.0,small business,female,4,4.0,basic,4.0,single,3.0,0,3,1,3.0,executive,20161.0,0
30.0,company invited,3,20.0,large business,female,3,4.0,deluxe,4.0,single,7.0,0,3,0,2.0,manager,24443.0,1
48.0,self enquiry,3,13.0,small business,male,3,3.0,deluxe,5.0,married,5.0,0,4,1,1.0,manager,20486.0,0
41.0,self enquiry,3,29.0,small business,male,4,5.0,deluxe,3.0,divorced,4.0,1,3,1,2.0,manager,25058.0,1
59.0,self enquiry,2,12.0,small business,male,2,3.0,basic,3.0,divorced,1.0,0,4,1,0.0,executive,17267.0,0
18.0,company invited,1,11.0,salaried,male,3,3.0,basic,3.0,single,2.0,0,2,1,1.0,executive,16051.0,0
18.0,company invited,1,6.0,salaried,female,3,3.0,basic,3.0,single,2.0,0,5,1,1.0,executive,16611.0,0
35.0,self enquiry,1,15.0,small business,male,2,3.0,deluxe,3.0,single,2.0,0,4,0,1.0,manager,20098.0,0
35.0,company invited,3,17.0,salaried,male,3,4.0,deluxe,3.0,married,3.0,1,1,1,2.0,manager,22679.0,0
33.0,self enquiry,1,9.0,small business,male,3,4.0,deluxe,4.0,married,6.0,0,4,1,2.0,manager,23561.0,1
40.0,self enquiry,1,7.0,salaried,female,4,5.0,super deluxe,3.0,married,3.0,0,3,1,1.0,avp,31420.0,0
40.0,company invited,1,7.0,salaried,male,4,4.0,deluxe,3.0,married,3.0,1,5,1,3.0,manager,25150.0,0
43.0,self enquiry,1,7.0,salaried,female,3,5.0,deluxe,3.0,married,2.0,1,3,0,1.0,manager,24740.0,0
49.0,self enquiry,1,11.0,salaried,male,4,5.0,standard,3.0,single,2.0,0,5,1,1.0,senior manager,29677.0,0
42.0,self enquiry,1,8.0,salaried,male,3,4.0,deluxe,3.0,single,4.0,0,1,1,0.0,manager,21781.0,0
50.0,self enquiry,1,15.0,salaried,male,3,3.0,basic,3.0,divorced,5.0,0,5,1,0.0,executive,17380.0,0
37.0,company invited,3,17.0,small business,male,3,4.0,standard,3.0,single,3.0,0,2,1,2.0,senior manager,28658.0,0
31.0,company invited,1,26.0,salaried,male,3,3.0,standard,3.0,divorced,4.0,0,3,1,0.0,senior manager,24824.0,1
61.0,self enquiry,1,14.0,salaried,female,3,4.0,king,5.0,married,7.0,0,5,1,1.0,vp,38244.0,0
49.0,company invited,1,24.0,salaried,male,3,3.0,deluxe,3.0,married,2.0,1,1,0,0.0,manager,21804.0,0
48.0,self enquiry,3,9.0,small business,female,3,4.0,deluxe,3.0,divorced,2.0,1,2,1,1.0,manager,23215.0,0
36.0,self enquiry,1,22.0,salaried,female,2,1.0,basic,5.0,single,2.0,0,1,1,0.0,executive,17743.0,1
30.0,self enquiry,1,13.0,small business,female,3,4.0,basic,3.0,married,3.0,0,3,0,2.0,executive,21809.0,0
43.0,self enquiry,3,21.0,small business,female,4,5.0,deluxe,3.0,single,2.0,0,3,1,1.0,manager,24922.0,0
29.0,self enquiry,2,12.0,small business,male,2,4.0,basic,4.0,married,2.0,0,3,1,1.0,executive,17804.0,0
35.0,self enquiry,3,7.0,small business,male,4,2.0,deluxe,3.0,married,2.0,0,5,0,2.0,manager,28403.0,0
45.0,company invited,1,31.0,small business,male,3,6.0,basic,3.0,single,4.0,0,3,0,1.0,executive,22386.0,0
42.0,company invited,1,27.0,small business,female,2,3.0,deluxe,3.0,married,3.0,0,1,0,0.0,manager,20265.0,0
52.0,self enquiry,1,7.0,salaried,male,4,4.0,basic,3.0,divorced,3.0,0,4,1,1.0,executive,21401.0,0
36.0,company invited,1,24.0,salaried,male,3,3.0,deluxe,3.0,single,3.0,0,3,1,0.0,manager,22779.0,0
37.0,self enquiry,3,6.0,salaried,male,2,4.0,standard,3.0,married,6.0,0,1,1,1.0,senior manager,25609.0,1
25.0,self enquiry,1,30.0,small business,male,3,3.0,basic,3.0,divorced,3.0,1,4,0,2.0,executive,21403.0,0
33.0,self enquiry,1,8.0,salaried,male,2,3.0,basic,3.0,single,1.0,0,3,1,0.0,executive,17500.0,0
54.0,self enquiry,1,13.0,salaried,male,3,4.0,deluxe,3.0,single,4.0,0,5,1,2.0,manager,21128.0,0
34.0,self enquiry,1,15.0,salaried,male,3,2.0,basic,5.0,married,8.0,0,3,1,2.0,executive,21821.0,0
31.0,company invited,1,30.0,salaried,male,4,6.0,basic,3.0,married,3.0,0,3,1,3.0,executive,21291.0,0
39.0,company invited,1,6.0,salaried,male,3,3.0,deluxe,3.0,married,2.0,1,5,1,2.0,manager,21472.0,0
28.0,self enquiry,1,12.0,large business,male,3,5.0,standard,3.0,married,3.0,1,3,1,2.0,senior manager,31486.0,0
26.0,self enquiry,1,11.0,large business,male,3,4.0,basic,3.0,married,3.0,1,3,1,2.0,executive,22369.0,1
36.0,company invited,1,24.0,salaried,male,3,3.0,deluxe,3.0,single,3.0,0,3,0,1.0,manager,22779.0,0
41.0,self enquiry,1,15.0,salaried,male,3,3.0,basic,5.0,divorced,3.0,0,2,0,2.0,executive,17238.0,0
39.0,self enquiry,1,22.0,salaried,male,4,5.0,standard,3.0,married,2.0,1,5,1,2.0,senior manager,30188.0,0
31.0,self enquiry,3,11.0,small business,female,4,5.0,deluxe,4.0,married,3.0,1,3,1,1.0,manager,23887.0,0
51.0,company invited,1,6.0,small business,female,1,4.0,standard,5.0,single,4.0,0,2,1,0.0,senior manager,22484.0,0
21.0,self enquiry,1,16.0,salaried,female,2,4.0,basic,5.0,single,2.0,0,3,0,1.0,executive,16416.0,1
47.0,company invited,3,10.0,small business,male,2,3.0,deluxe,3.0,single,4.0,0,4,0,1.0,manager,17976.0,0
48.0,self enquiry,1,10.0,salaried,male,3,4.0,standard,3.0,single,1.0,0,5,1,0.0,senior manager,25999.0,0
38.0,self enquiry,3,6.0,salaried,male,2,4.0,basic,5.0,single,5.0,0,3,0,1.0,executive,17858.0,0
40.0,company invited,1,22.0,small business,male,2,4.0,deluxe,3.0,single,7.0,0,5,0,0.0,manager,20094.0,0
32.0,self enquiry,1,9.0,salaried,female,2,3.0,standard,3.0,single,4.0,0,2,1,1.0,senior manager,26159.0,0
29.0,company invited,1,8.0,small business,male,2,4.0,basic,5.0,single,1.0,0,4,1,1.0,executive,18339.0,1
38.0,company invited,3,16.0,large business,female,2,3.0,deluxe,3.0,single,2.0,1,3,1,0.0,manager,20666.0,0
42.0,self enquiry,1,8.0,small business,male,2,3.0,super deluxe,5.0,divorced,1.0,0,3,1,1.0,avp,32665.0,0
43.0,company invited,1,12.0,salaried,male,4,4.0,basic,3.0,divorced,6.0,0,3,1,1.0,executive,20771.0,0
50.0,company invited,3,14.0,large business,male,2,3.0,deluxe,3.0,married,4.0,1,5,0,0.0,manager,21796.0,1
32.0,self enquiry,1,16.0,small business,male,1,3.0,standard,3.0,single,3.0,0,1,0,0.0,senior manager,26244.0,0
24.0,self enquiry,1,17.0,small business,male,4,2.0,basic,3.0,single,3.0,0,1,0,2.0,executive,22183.0,0
43.0,self enquiry,1,9.0,small business,female,3,5.0,basic,5.0,married,2.0,1,4,1,1.0,executive,21271.0,0
28.0,self enquiry,1,23.0,large business,male,2,4.0,basic,3.0,married,6.0,0,3,0,1.0,executive,17367.0,1
49.0,self enquiry,1,26.0,small business,female,3,3.0,deluxe,5.0,married,2.0,0,1,1,0.0,manager,21567.0,0
54.0,company invited,1,7.0,small business,female,3,5.0,super deluxe,3.0,married,6.0,1,1,0,1.0,avp,31643.0,0
30.0,self enquiry,1,30.0,salaried,male,3,2.0,basic,3.0,married,3.0,0,1,1,2.0,executive,21378.0,0
37.0,self enquiry,1,14.0,salaried,male,4,4.0,basic,3.0,single,4.0,0,3,0,3.0,executive,23356.0,0
53.0,self enquiry,1,8.0,large business,female,3,4.0,standard,3.0,married,1.0,0,5,1,2.0,senior manager,25169.0,1
28.0,company invited,3,9.0,salaried,male,3,6.0,deluxe,3.0,single,5.0,0,4,1,2.0,manager,23749.0,0
50.0,self enquiry,1,7.0,large business,female,3,4.0,basic,5.0,divorced,4.0,0,4,1,1.0,executive,22258.0,0
42.0,self enquiry,3,7.0,small business,male,3,2.0,standard,5.0,married,3.0,0,3,1,2.0,senior manager,27070.0,0
43.0,company invited,1,36.0,salaried,female,4,4.0,deluxe,3.0,married,4.0,0,3,1,3.0,manager,23234.0,0
35.0,company invited,1,10.0,salaried,male,3,5.0,basic,3.0,divorced,5.0,0,2,1,1.0,executive,21657.0,0
19.0,self enquiry,1,10.0,salaried,male,3,4.0,basic,3.0,single,3.0,0,4,0,1.0,executive,20098.0,1
29.0,self enquiry,1,8.0,salaried,male,3,3.0,basic,4.0,divorced,1.0,0,4,0,0.0,executive,17703.0,0
55.0,self enquiry,3,10.0,small business,female,3,4.0,deluxe,5.0,divorced,4.0,0,4,1,2.0,manager,24618.0,0
53.0,company invited,3,127.0,salaried,male,3,4.0,basic,3.0,married,4.0,0,1,1,2.0,executive,22160.0,0
39.0,company invited,1,9.0,salaried,female,4,2.0,deluxe,5.0,single,8.0,1,1,0,1.0,manager,24658.0,0
29.0,self enquiry,1,17.0,salaried,female,3,4.0,deluxe,3.0,single,5.0,0,4,1,2.0,manager,22338.0,0
27.0,self enquiry,1,10.0,small business,male,3,2.0,basic,3.0,divorced,3.0,0,5,1,2.0,executive,23098.0,0
36.0,self enquiry,1,30.0,salaried,male,3,5.0,deluxe,3.0,married,5.0,1,4,1,1.0,manager,24594.0,1
31.0,company invited,3,8.0,salaried,female,2,3.0,standard,3.0,married,2.0,1,1,1,0.0,senior manager,24852.0,0
35.0,self enquiry,1,6.0,salaried,female,2,1.0,basic,3.0,single,4.0,0,3,1,1.0,executive,17506.0,0
40.0,self enquiry,1,26.0,salaried,male,3,4.0,deluxe,3.0,married,2.0,0,5,1,1.0,manager,22580.0,0
21.0,self enquiry,1,21.0,salaried,male,3,3.0,basic,3.0,single,2.0,0,3,1,1.0,executive,16232.0,0
34.0,self enquiry,3,15.0,small business,male,3,4.0,deluxe,3.0,married,2.0,0,1,0,1.0,manager,25782.0,0
31.0,self enquiry,3,12.0,small business,female,2,5.0,deluxe,3.0,married,3.0,0,2,0,1.0,manager,24796.0,0
35.0,self enquiry,3,13.0,salaried,male,3,3.0,basic,3.0,divorced,2.0,0,3,1,0.0,executive,17404.0,0
45.0,self enquiry,3,17.0,salaried,female,2,3.0,super deluxe,3.0,divorced,4.0,0,4,1,1.0,avp,32650.0,0
35.0,company invited,1,24.0,salaried,male,3,3.0,deluxe,3.0,married,2.0,1,3,1,0.0,manager,20689.0,0
33.0,self enquiry,1,13.0,salaried,male,3,4.0,basic,3.0,single,5.0,0,2,0,2.0,executive,21716.0,0
26.0,company invited,1,6.0,salaried,female,2,3.0,deluxe,4.0,married,2.0,0,5,0,1.0,manager,21397.0,0
36.0,self enquiry,1,20.0,salaried,male,3,3.0,deluxe,3.0,married,1.0,1,5,1,0.0,manager,21586.0,0
37.0,company invited,3,15.0,salaried,male,4,5.0,standard,5.0,single,3.0,0,2,0,3.0,senior manager,26265.0,0
40.0,self enquiry,3,6.0,small business,male,2,5.0,deluxe,3.0,divorced,3.0,1,3,1,0.0,manager,22457.0,0
35.0,self enquiry,3,7.0,large business,male,4,5.0,standard,3.0,divorced,3.0,1,1,1,2.0,senior manager,25761.0,0
31.0,company invited,3,29.0,salaried,female,4,4.0,standard,5.0,married,2.0,0,1,1,2.0,senior manager,27090.0,0
40.0,self enquiry,1,30.0,large business,male,3,3.0,deluxe,3.0,married,2.0,0,3,1,1.0,manager,18319.0,0
34.0,self enquiry,1,12.0,small business,male,2,3.0,basic,5.0,single,3.0,0,2,1,1.0,executive,17960.0,1
28.0,company invited,3,27.0,salaried,female,3,4.0,deluxe,3.0,single,3.0,0,2,1,2.0,manager,28659.0,0
36.0,company invited,1,9.0,small business,male,4,5.0,basic,3.0,single,2.0,1,3,1,1.0,executive,23608.0,0
33.0,self enquiry,1,12.0,salaried,female,3,2.0,basic,3.0,married,5.0,0,5,1,2.0,executive,21990.0,0
35.0,company invited,1,9.0,salaried,male,3,5.0,deluxe,3.0,divorced,3.0,0,4,0,1.0,manager,28225.0,0
26.0,self enquiry,1,7.0,salaried,female,4,4.0,deluxe,3.0,married,2.0,0,3,1,2.0,manager,23576.0,0
28.0,self enquiry,1,21.0,salaried,male,3,4.0,basic,5.0,divorced,3.0,1,4,1,1.0,executive,20913.0,0
31.0,self enquiry,1,30.0,small business,female,3,4.0,deluxe,5.0,single,2.0,0,5,1,0.0,manager,21812.0,0
22.0,company invited,3,7.0,large business,female,4,5.0,basic,4.0,single,3.0,1,5,1,3.0,executive,20852.0,1
56.0,self enquiry,1,6.0,salaried,female,2,3.0,basic,5.0,divorced,3.0,0,5,1,1.0,executive,17066.0,0
33.0,company invited,3,9.0,salaried,female,4,4.0,basic,5.0,married,3.0,0,3,1,1.0,executive,21505.0,0
42.0,company invited,1,8.0,salaried,male,2,3.0,super deluxe,3.0,divorced,1.0,1,4,0,1.0,avp,32861.0,0
38.0,self enquiry,1,21.0,salaried,male,3,4.0,standard,3.0,married,1.0,1,5,1,2.0,senior manager,26510.0,0
52.0,company invited,1,31.0,small business,female,2,4.0,super deluxe,3.0,divorced,4.0,0,5,0,1.0,avp,28826.0,0
50.0,self enquiry,1,34.0,small business,male,3,1.0,basic,3.0,married,2.0,1,1,0,1.0,executive,18221.0,0
52.0,self enquiry,1,16.0,salaried,male,4,4.0,basic,3.0,divorced,5.0,0,3,1,1.0,executive,20753.0,0
51.0,company invited,3,19.0,salaried,male,3,4.0,deluxe,3.0,single,5.0,1,3,1,2.0,manager,35558.0,1
34.0,self enquiry,1,35.0,salaried,male,4,4.0,deluxe,3.0,married,3.0,1,1,1,1.0,manager,23885.0,0
31.0,self enquiry,1,9.0,small business,female,3,5.0,deluxe,3.0,single,7.0,1,2,1,2.0,manager,25555.0,0
58.0,self enquiry,1,29.0,small business,female,3,3.0,standard,3.0,divorced,2.0,0,3,1,0.0,senior manager,25312.0,1
37.0,self enquiry,1,19.0,small business,female,3,5.0,standard,3.0,single,2.0,0,2,1,1.0,senior manager,27536.0,0
47.0,self enquiry,1,25.0,small business,female,3,4.0,deluxe,3.0,married,4.0,0,5,0,1.0,manager,23488.0,0
34.0,company invited,3,7.0,salaried,female,3,2.0,deluxe,5.0,married,4.0,0,3,0,2.0,manager,24054.0,0
58.0,self enquiry,3,16.0,small business,male,2,3.0,super deluxe,3.0,single,1.0,0,3,0,1.0,avp,28872.0,0
27.0,self enquiry,1,13.0,salaried,female,4,4.0,basic,3.0,divorced,3.0,1,2,0,1.0,executive,21337.0,0
40.0,self enquiry,3,11.0,salaried,female,3,5.0,deluxe,3.0,married,6.0,0,5,1,2.0,manager,24580.0,0
36.0,self enquiry,1,32.0,salaried,male,3,3.0,deluxe,3.0,married,7.0,0,3,1,0.0,manager,20347.0,0
30.0,self enquiry,2,20.0,salaried,male,3,5.0,basic,5.0,married,6.0,1,5,1,2.0,executive,21013.0,1
33.0,company invited,1,11.0,salaried,female,3,3.0,standard,4.0,divorced,7.0,0,3,1,2.0,senior manager,26878.0,0
29.0,company invited,3,7.0,salaried,male,3,5.0,deluxe,3.0,married,3.0,1,1,0,1.0,manager,25512.0,0
35.0,self enquiry,1,14.0,salaried,male,4,4.0,deluxe,3.0,married,3.0,0,3,0,1.0,manager,21263.0,1
36.0,self enquiry,1,34.0,small business,female,3,5.0,basic,5.0,single,3.0,0,4,1,2.0,executive,21237.0,0
46.0,company invited,3,9.0,salaried,female,4,4.0,deluxe,3.0,married,6.0,0,1,1,3.0,manager,23832.0,0
36.0,company invited,3,6.0,small business,female,2,3.0,deluxe,3.0,single,5.0,0,2,1,1.0,manager,21653.0,0
34.0,self enquiry,3,27.0,salaried,male,3,2.0,deluxe,3.0,single,2.0,0,3,1,0.0,manager,20337.0,0
30.0,self enquiry,1,22.0,salaried,female,3,5.0,deluxe,3.0,single,2.0,1,1,1,2.0,manager,22871.0,0
58.0,self enquiry,1,7.0,salaried,male,4,2.0,deluxe,3.0,divorced,2.0,0,3,1,3.0,manager,23578.0,0
34.0,company invited,1,8.0,salaried,male,2,4.0,deluxe,3.0,married,2.0,0,4,0,1.0,manager,24547.0,0
39.0,self enquiry,1,6.0,small business,male,2,2.0,standard,3.0,married,1.0,0,3,1,0.0,senior manager,24613.0,0
40.0,self enquiry,1,12.0,salaried,female,3,3.0,super deluxe,3.0,single,1.0,0,5,1,0.0,avp,28237.0,0
56.0,self enquiry,3,17.0,small business,female,2,4.0,deluxe,5.0,married,5.0,0,5,0,1.0,manager,20380.0,0
29.0,self enquiry,1,31.0,large business,female,3,4.0,basic,4.0,divorced,6.0,0,3,0,2.0,executive,17546.0,1
29.0,self enquiry,1,9.0,salaried,male,4,4.0,basic,3.0,single,4.0,0,4,0,2.0,executive,22163.0,1
34.0,company invited,1,6.0,small business,male,3,4.0,deluxe,5.0,single,1.0,0,2,1,2.0,manager,20343.0,0
36.0,self enquiry,1,6.0,large business,female,3,5.0,standard,5.0,married,3.0,1,2,1,2.0,senior manager,25252.0,0
32.0,self enquiry,3,14.0,large business,female,3,4.0,deluxe,4.0,divorced,2.0,1,2,1,0.0,manager,20228.0,0
26.0,company invited,2,23.0,salaried,female,2,3.0,basic,3.0,married,1.0,1,5,0,1.0,executive,17741.0,1
38.0,self enquiry,3,8.0,salaried,female,2,3.0,deluxe,5.0,married,4.0,0,4,0,1.0,manager,21893.0,0
41.0,self enquiry,1,13.0,salaried,female,4,4.0,super deluxe,3.0,single,2.0,0,5,1,1.0,avp,31915.0,0
38.0,self enquiry,3,10.0,salaried,male,3,4.0,standard,3.0,single,4.0,0,3,0,2.0,senior manager,26106.0,0
38.0,self enquiry,1,18.0,small business,female,4,6.0,deluxe,4.0,divorced,7.0,0,4,1,1.0,manager,23455.0,1
41.0,self enquiry,2,25.0,salaried,male,3,2.0,basic,5.0,married,2.0,0,1,1,2.0,executive,21065.0,1
34.0,self enquiry,1,11.0,small business,female,3,5.0,basic,4.0,divorced,2.0,0,1,0,1.0,executive,22516.0,0
49.0,self enquiry,1,7.0,salaried,female,3,5.0,super deluxe,5.0,married,2.0,0,4,0,1.0,avp,34080.0,0
29.0,self enquiry,3,20.0,small business,female,3,4.0,deluxe,3.0,single,5.0,1,5,1,2.0,manager,28532.0,1
28.0,self enquiry,1,15.0,small business,female,4,4.0,basic,3.0,single,3.0,0,4,1,3.0,executive,22123.0,0
26.0,self enquiry,1,27.0,small business,male,2,3.0,basic,3.0,married,2.0,0,5,1,0.0,executive,17377.0,1
28.0,company invited,1,30.0,large business,male,3,4.0,standard,5.0,single,2.0,0,1,1,1.0,senior manager,23722.0,1
42.0,self enquiry,3,27.0,small business,female,4,4.0,basic,4.0,single,3.0,1,4,0,2.0,executive,21818.0,1
24.0,self enquiry,1,23.0,salaried,female,3,3.0,basic,4.0,divorced,2.0,0,2,0,1.0,executive,17210.0,1
31.0,self enquiry,3,13.0,salaried,male,2,4.0,basic,3.0,divorced,4.0,0,4,1,1.0,executive,17329.0,0
30.0,self enquiry,3,17.0,small business,female,3,5.0,deluxe,4.0,married,3.0,1,5,0,2.0,manager,26946.0,0
35.0,self enquiry,3,20.0,small business,male,3,4.0,standard,3.0,married,3.0,0,1,1,2.0,senior manager,27306.0,0
38.0,self enquiry,1,13.0,small business,male,3,2.0,deluxe,5.0,married,6.0,1,3,1,2.0,manager,24652.0,0
21.0,self enquiry,1,11.0,large business,male,3,4.0,basic,5.0,single,3.0,0,3,1,1.0,executive,21651.0,1
60.0,self enquiry,2,13.0,small business,male,3,4.0,basic,3.0,divorced,2.0,0,4,1,1.0,executive,20945.0,0
35.0,self enquiry,1,15.0,salaried,male,3,4.0,deluxe,4.0,single,1.0,0,1,0,1.0,manager,21540.0,0
51.0,company invited,3,19.0,small business,female,4,4.0,standard,3.0,single,6.0,0,5,0,1.0,senior manager,27886.0,0
41.0,self enquiry,2,16.0,salaried,male,3,4.0,king,3.0,married,4.0,0,2,1,0.0,vp,34141.0,0
50.0,self enquiry,1,10.0,small business,female,3,5.0,deluxe,5.0,divorced,6.0,0,3,1,2.0,manager,23467.0,0
36.0,self enquiry,1,23.0,salaried,male,4,4.0,standard,3.0,married,6.0,1,1,0,1.0,senior manager,26310.0,0
26.0,self enquiry,1,29.0,salaried,female,2,3.0,basic,3.0,married,2.0,0,3,0,0.0,executive,17886.0,0
32.0,self enquiry,1,6.0,salaried,male,3,3.0,basic,5.0,single,2.0,0,2,0,2.0,executive,17956.0,0
49.0,self enquiry,3,23.0,salaried,female,4,4.0,deluxe,3.0,married,2.0,0,4,1,1.0,manager,25117.0,0
38.0,self enquiry,1,7.0,large business,female,3,4.0,standard,3.0,single,6.0,0,5,1,2.0,senior manager,26169.0,0
29.0,self enquiry,1,6.0,salaried,male,2,3.0,deluxe,5.0,married,1.0,0,3,1,0.0,manager,20373.0,0
44.0,company invited,1,11.0,salaried,male,2,4.0,basic,3.0,single,4.0,0,1,0,1.0,executive,18162.0,0
42.0,self enquiry,2,8.0,large business,male,2,3.0,basic,3.0,married,1.0,1,4,1,1.0,executive,17696.0,0
32.0,company invited,1,19.0,salaried,female,3,4.0,basic,4.0,divorced,2.0,0,5,0,0.0,executive,17743.0,0
37.0,company invited,3,15.0,large business,male,3,4.0,deluxe,3.0,married,6.0,0,3,1,1.0,manager,23757.0,0
45.0,company invited,3,15.0,salaried,female,3,4.0,deluxe,3.0,divorced,2.0,0,3,0,0.0,manager,20593.0,0
59.0,company invited,1,7.0,salaried,male,3,6.0,deluxe,3.0,married,4.0,1,2,1,2.0,manager,24338.0,0
23.0,self enquiry,1,10.0,small business,male,2,1.0,basic,5.0,married,3.0,0,4,0,1.0,executive,17819.0,0
38.0,self enquiry,3,16.0,salaried,female,3,3.0,deluxe,3.0,married,2.0,0,4,0,2.0,manager,20343.0,0
32.0,company invited,1,31.0,large business,female,2,4.0,deluxe,3.0,single,4.0,0,1,1,1.0,manager,23916.0,0
32.0,self enquiry,1,18.0,salaried,male,3,4.0,basic,3.0,married,5.0,1,3,0,1.0,executive,21034.0,0
36.0,self enquiry,3,8.0,salaried,male,3,3.0,basic,3.0,single,4.0,1,3,0,0.0,executive,17644.0,0
32.0,self enquiry,1,19.0,small business,female,4,4.0,basic,3.0,divorced,2.0,1,4,1,3.0,executive,22607.0,0
35.0,self enquiry,1,26.0,salaried,female,3,5.0,basic,3.0,married,3.0,0,4,1,2.0,executive,21607.0,0
33.0,company invited,1,20.0,salaried,female,4,5.0,basic,4.0,married,3.0,0,5,1,1.0,executive,21421.0,0
37.0,self enquiry,1,12.0,salaried,male,4,4.0,deluxe,4.0,single,2.0,0,2,0,3.0,manager,24592.0,0
35.0,company invited,3,13.0,small business,female,3,6.0,basic,3.0,married,2.0,0,4,1,2.0,executive,21029.0,1
32.0,self enquiry,1,11.0,salaried,female,3,4.0,deluxe,4.0,married,4.0,0,3,1,0.0,manager,20878.0,0
41.0,self enquiry,3,12.0,small business,male,2,3.0,standard,3.0,single,2.0,0,5,1,0.0,senior manager,24241.0,0
18.0,self enquiry,1,9.0,salaried,male,2,3.0,basic,3.0,single,2.0,0,4,0,0.0,executive,16420.0,1
38.0,self enquiry,1,10.0,salaried,male,3,4.0,standard,3.0,divorced,3.0,0,2,1,1.0,senior manager,28112.0,0
31.0,self enquiry,3,34.0,small business,male,3,4.0,deluxe,3.0,married,2.0,0,3,1,1.0,manager,23982.0,0
35.0,company invited,1,8.0,salaried,female,3,3.0,deluxe,5.0,married,3.0,0,4,1,2.0,manager,20093.0,0
39.0,self enquiry,3,9.0,small business,female,4,6.0,deluxe,3.0,married,4.0,1,3,0,1.0,manager,24083.0,0
30.0,company invited,1,8.0,small business,female,2,3.0,basic,3.0,single,1.0,0,4,1,0.0,executive,17564.0,0
29.0,self enquiry,1,16.0,small business,male,4,4.0,basic,3.0,divorced,3.0,0,2,1,2.0,executive,20748.0,0
25.0,self enquiry,3,10.0,salaried,female,3,4.0,deluxe,3.0,married,2.0,0,4,0,1.0,manager,23677.0,0
35.0,self enquiry,1,15.0,salaried,male,3,4.0,deluxe,4.0,single,1.0,0,2,1,2.0,manager,21540.0,0
37.0,self enquiry,1,6.0,large business,female,2,3.0,standard,3.0,single,5.0,0,5,1,0.0,senior manager,22491.0,0
46.0,self enquiry,3,9.0,large business,male,3,6.0,deluxe,3.0,single,2.0,0,5,0,1.0,manager,25310.0,0
29.0,self enquiry,1,14.0,salaried,male,3,5.0,basic,5.0,divorced,2.0,1,3,1,1.0,executive,17119.0,1
48.0,company invited,3,30.0,salaried,male,3,5.0,basic,3.0,single,2.0,1,1,1,2.0,executive,17559.0,1
38.0,self enquiry,3,9.0,salaried,male,3,3.0,standard,3.0,married,1.0,0,2,1,1.0,senior manager,25609.0,0
28.0,self enquiry,1,24.0,salaried,female,3,4.0,basic,3.0,single,3.0,1,5,1,1.0,executive,21072.0,1
38.0,self enquiry,3,6.0,salaried,female,2,4.0,deluxe,3.0,single,5.0,0,2,1,1.0,manager,23686.0,0
37.0,company invited,1,25.0,salaried,male,3,2.0,basic,3.0,married,6.0,0,5,1,2.0,executive,22366.0,0
54.0,self enquiry,1,13.0,small business,female,3,3.0,deluxe,3.0,married,5.0,0,3,1,1.0,manager,21854.0,0
34.0,self enquiry,1,14.0,small business,female,3,3.0,deluxe,3.0,single,4.0,0,4,1,1.0,manager,21142.0,0
51.0,company invited,1,6.0,small business,female,1,4.0,standard,5.0,single,4.0,0,1,1,0.0,senior manager,22484.0,0
28.0,self enquiry,3,9.0,salaried,male,4,4.0,deluxe,3.0,single,3.0,1,4,0,2.0,manager,23156.0,0
42.0,self enquiry,1,10.0,large business,male,2,3.0,king,3.0,married,2.0,0,1,0,0.0,vp,34232.0,0
32.0,self enquiry,3,15.0,salaried,male,3,4.0,standard,3.0,married,3.0,0,3,1,1.0,senior manager,29471.0,0
37.0,self enquiry,1,11.0,small business,male,3,3.0,deluxe,3.0,married,1.0,0,3,0,0.0,manager,21347.0,0
39.0,self enquiry,3,7.0,salaried,male,3,4.0,deluxe,4.0,married,2.0,0,4,1,2.0,manager,23118.0,0
39.0,self enquiry,3,21.0,salaried,male,4,4.0,deluxe,4.0,married,2.0,0,5,1,3.0,manager,28602.0,0
35.0,self enquiry,3,13.0,salaried,female,2,3.0,deluxe,3.0,married,2.0,1,4,1,1.0,manager,20204.0,0
55.0,self enquiry,1,24.0,large business,female,3,4.0,standard,3.0,divorced,2.0,0,5,1,1.0,senior manager,29417.0,0
34.0,self enquiry,3,17.0,small business,male,3,4.0,deluxe,3.0,single,3.0,0,1,0,1.0,manager,24165.0,0
44.0,self enquiry,1,15.0,salaried,female,4,4.0,deluxe,3.0,married,6.0,1,1,1,1.0,manager,23200.0,0
52.0,self enquiry,3,21.0,salaried,female,3,4.0,deluxe,3.0,married,6.0,0,3,1,1.0,manager,23614.0,0
31.0,self enquiry,1,16.0,small business,male,3,5.0,basic,3.0,single,3.0,0,4,0,2.0,executive,20884.0,0
29.0,self enquiry,3,33.0,small business,female,2,3.0,standard,3.0,divorced,2.0,0,3,1,1.0,senior manager,22639.0,1
23.0,self enquiry,1,15.0,small business,male,2,3.0,basic,5.0,divorced,2.0,0,3,0,1.0,executive,17500.0,0
34.0,company invited,3,17.0,small business,male,3,5.0,deluxe,3.0,single,5.0,0,3,1,1.0,manager,23360.0,0
39.0,self enquiry,1,12.0,small business,male,3,3.0,basic,5.0,divorced,1.0,1,2,1,1.0,executive,17404.0,1
30.0,self enquiry,3,27.0,small business,male,3,4.0,deluxe,3.0,married,4.0,0,1,1,1.0,manager,25609.0,0
31.0,self enquiry,1,10.0,large business,female,3,4.0,basic,5.0,single,7.0,1,4,0,1.0,executive,21335.0,1
30.0,self enquiry,1,13.0,small business,male,2,4.0,basic,4.0,married,2.0,0,5,0,0.0,executive,17141.0,0
45.0,self enquiry,1,13.0,salaried,male,2,3.0,standard,5.0,married,3.0,0,3,1,1.0,senior manager,24724.0,0
40.0,company invited,3,30.0,salaried,female,3,1.0,super deluxe,4.0,single,5.0,1,3,1,0.0,avp,28194.0,1
37.0,self enquiry,1,19.0,small business,female,3,5.0,standard,3.0,single,2.0,0,1,1,1.0,senior manager,27536.0,0
55.0,self enquiry,3,8.0,small business,male,2,3.0,deluxe,3.0,single,5.0,0,1,1,0.0,manager,20160.0,1
26.0,self enquiry,3,25.0,salaried,male,4,2.0,deluxe,3.0,divorced,4.0,0,1,0,1.0,manager,24910.0,0
25.0,company invited,1,14.0,salaried,female,3,4.0,basic,3.0,married,3.0,1,4,0,1.0,executive,21564.0,1
29.0,self enquiry,1,7.0,small business,female,4,4.0,basic,5.0,married,3.0,0,1,1,1.0,executive,22269.0,0
31.0,self enquiry,1,28.0,small business,male,3,3.0,deluxe,3.0,divorced,2.0,1,5,1,0.0,manager,21179.0,1
24.0,company invited,1,10.0,salaried,male,2,4.0,basic,3.0,divorced,1.0,0,3,0,0.0,executive,18162.0,0
29.0,self enquiry,1,13.0,salaried,male,2,3.0,basic,5.0,single,4.0,0,4,0,0.0,executive,17062.0,0
38.0,self enquiry,1,32.0,small business,female,3,5.0,deluxe,3.0,married,2.0,0,3,0,2.0,manager,24409.0,0
29.0,self enquiry,3,9.0,small business,female,3,3.0,deluxe,3.0,divorced,2.0,0,2,0,0.0,manager,20561.0,0
34.0,company invited,3,12.0,small business,female,2,5.0,basic,3.0,married,1.0,0,4,1,1.0,executive,17351.0,1
44.0,self enquiry,3,16.0,small business,female,3,6.0,deluxe,3.0,single,2.0,0,1,0,1.0,manager,24024.0,1
32.0,company invited,3,12.0,small business,female,3,4.0,basic,4.0,married,3.0,0,3,0,1.0,executive,21467.0,0
54.0,self enquiry,3,13.0,small business,male,3,4.0,deluxe,3.0,married,4.0,1,5,0,2.0,manager,20984.0,0
54.0,self enquiry,3,9.0,salaried,female,4,5.0,super deluxe,3.0,married,4.0,0,3,0,1.0,avp,34105.0,0
31.0,self enquiry,1,8.0,salaried,male,2,3.0,basic,3.0,married,1.0,1,4,1,1.0,executive,17695.0,0
38.0,self enquiry,1,6.0,salaried,female,2,2.0,deluxe,3.0,single,1.0,0,2,1,1.0,manager,22625.0,0
21.0,self enquiry,3,9.0,small business,female,3,5.0,basic,3.0,single,3.0,0,4,1,1.0,executive,20722.0,1
30.0,self enquiry,1,28.0,salaried,female,3,3.0,standard,5.0,married,3.0,0,5,1,2.0,senior manager,28658.0,0
36.0,self enquiry,1,16.0,salaried,female,4,5.0,standard,3.0,divorced,3.0,1,4,1,2.0,senior manager,29363.0,0
32.0,self enquiry,1,30.0,small business,male,4,5.0,deluxe,3.0,divorced,2.0,0,3,1,2.0,manager,24260.0,0
52.0,self enquiry,1,13.0,salaried,male,3,4.0,king,3.0,single,2.0,0,5,1,2.0,vp,38215.0,0
36.0,self enquiry,1,16.0,salaried,male,4,5.0,deluxe,4.0,single,2.0,0,2,1,3.0,manager,25218.0,0
34.0,self enquiry,3,34.0,small business,female,3,4.0,deluxe,3.0,married,2.0,0,5,1,0.0,manager,21712.0,0
35.0,self enquiry,3,15.0,salaried,female,4,4.0,deluxe,5.0,divorced,7.0,0,2,1,1.0,manager,25178.0,0
38.0,self enquiry,3,23.0,small business,male,4,5.0,deluxe,3.0,married,6.0,0,5,1,1.0,manager,25012.0,0
39.0,company invited,2,7.0,salaried,male,3,4.0,basic,4.0,married,2.0,1,1,1,2.0,executive,21669.0,0
28.0,self enquiry,1,9.0,small business,female,3,3.0,standard,4.0,married,1.0,0,4,0,0.0,senior manager,22655.0,0
25.0,self enquiry,1,25.0,salaried,male,3,4.0,basic,3.0,married,2.0,0,4,0,1.0,executive,21452.0,0
36.0,company invited,1,8.0,small business,male,4,4.0,basic,4.0,married,3.0,1,3,1,1.0,executive,22927.0,1
50.0,self enquiry,1,8.0,small business,male,3,3.0,king,3.0,married,3.0,1,1,1,2.0,vp,34237.0,0
28.0,company invited,3,15.0,salaried,male,3,4.0,standard,3.0,single,3.0,0,1,1,1.0,senior manager,27404.0,0
39.0,self enquiry,1,15.0,small business,male,2,3.0,deluxe,5.0,married,2.0,0,4,1,0.0,manager,20151.0,0
35.0,self enquiry,3,8.0,small business,female,3,3.0,basic,3.0,married,2.0,0,1,1,2.0,executive,17014.0,0
34.0,self enquiry,1,8.0,small business,male,3,1.0,basic,3.0,married,1.0,1,1,0,1.0,executive,17932.0,0
26.0,self enquiry,1,11.0,large business,male,3,4.0,basic,3.0,divorced,3.0,1,3,1,1.0,executive,22369.0,1
52.0,self enquiry,1,5.0,salaried,male,2,3.0,standard,4.0,single,1.0,0,3,1,1.0,senior manager,25445.0,0
28.0,self enquiry,1,7.0,salaried,female,4,4.0,standard,5.0,divorced,3.0,0,4,1,3.0,senior manager,26090.0,0
19.0,company invited,1,15.0,small business,male,4,4.0,basic,3.0,single,3.0,0,5,0,1.0,executive,20582.0,1
50.0,self enquiry,1,6.0,small business,male,3,3.0,super deluxe,3.0,married,1.0,0,5,0,2.0,avp,32399.0,0
39.0,company invited,1,8.0,large business,female,3,3.0,standard,3.0,single,1.0,0,1,1,2.0,senior manager,25938.0,0
54.0,self enquiry,1,13.0,salaried,male,3,4.0,deluxe,3.0,single,4.0,0,5,1,1.0,manager,21128.0,0
32.0,company invited,3,9.0,salaried,female,3,4.0,standard,3.0,married,3.0,1,1,1,1.0,senior manager,28530.0,0
36.0,self enquiry,1,15.0,small business,male,2,4.0,deluxe,4.0,married,3.0,1,4,1,0.0,manager,23847.0,0
60.0,self enquiry,2,13.0,small business,male,3,4.0,basic,3.0,married,2.0,0,4,0,1.0,executive,20945.0,0
35.0,self enquiry,3,23.0,salaried,male,3,3.0,deluxe,5.0,married,4.0,1,3,0,2.0,manager,23966.0,0
47.0,self enquiry,3,16.0,small business,male,4,5.0,standard,3.0,single,3.0,0,5,1,3.0,senior manager,28297.0,1
36.0,self enquiry,2,14.0,salaried,male,3,4.0,basic,5.0,divorced,1.0,0,2,1,2.0,executive,17342.0,0
31.0,self enquiry,1,9.0,small business,male,3,5.0,basic,3.0,single,2.0,0,4,0,1.0,executive,21398.0,0
46.0,company invited,1,13.0,small business,female,1,3.0,deluxe,3.0,divorced,3.0,0,5,0,0.0,manager,20258.0,0
27.0,self enquiry,1,7.0,small business,male,3,5.0,basic,5.0,married,3.0,0,3,1,2.0,executive,22633.0,0
31.0,company invited,3,29.0,salaried,female,4,4.0,standard,5.0,divorced,2.0,0,2,1,1.0,senior manager,27090.0,0
31.0,company invited,1,12.0,salaried,male,4,5.0,basic,3.0,married,2.0,0,5,0,1.0,executive,22439.0,0
57.0,self enquiry,1,31.0,salaried,male,4,4.0,basic,3.0,single,3.0,0,3,0,1.0,executive,21265.0,1
41.0,company invited,1,23.0,salaried,male,4,4.0,basic,3.0,married,2.0,0,3,1,3.0,executive,22222.0,0
53.0,company invited,1,26.0,small business,male,3,4.0,basic,3.0,divorced,2.0,0,3,1,1.0,executive,22936.0,0
48.0,self enquiry,3,22.0,salaried,female,3,3.0,deluxe,3.0,married,1.0,0,4,1,0.0,manager,21439.0,0
29.0,self enquiry,1,12.0,small business,female,2,3.0,basic,3.0,divorced,2.0,0,3,0,0.0,executive,18131.0,0
43.0,company invited,1,8.0,salaried,female,4,2.0,standard,4.0,single,3.0,0,3,1,1.0,senior manager,21050.0,1
31.0,self enquiry,1,25.0,salaried,female,4,4.0,basic,3.0,single,3.0,0,2,1,1.0,executive,21310.0,0
38.0,company invited,3,28.0,small business,female,3,4.0,basic,3.0,divorced,7.0,0,2,1,2.0,executive,21651.0,0
33.0,company invited,1,12.0,salaried,male,1,3.0,deluxe,3.0,married,4.0,0,5,1,0.0,manager,22725.0,0
46.0,self enquiry,1,8.0,salaried,male,2,3.0,super deluxe,3.0,divorced,7.0,0,5,0,0.0,avp,32861.0,0
28.0,company invited,1,12.0,salaried,female,3,4.0,basic,3.0,single,2.0,1,1,1,2.0,executive,21057.0,0
42.0,self enquiry,1,16.0,salaried,male,4,4.0,basic,5.0,married,4.0,0,1,0,1.0,executive,20916.0,0
37.0,self enquiry,3,16.0,salaried,male,3,5.0,deluxe,5.0,single,2.0,0,2,0,1.0,manager,22085.0,1
42.0,self enquiry,3,10.0,small business,male,2,3.0,deluxe,5.0,single,1.0,0,5,1,1.0,manager,20155.0,0
30.0,company invited,1,7.0,salaried,male,4,6.0,basic,3.0,married,3.0,0,2,1,1.0,executive,21398.0,0
34.0,company invited,1,7.0,salaried,female,4,4.0,standard,3.0,single,3.0,1,2,1,1.0,senior manager,32136.0,0
47.0,self enquiry,1,9.0,large business,male,3,4.0,deluxe,3.0,married,4.0,0,2,1,1.0,manager,26057.0,0
61.0,self enquiry,3,23.0,small business,male,3,4.0,deluxe,5.0,single,2.0,0,4,1,1.0,manager,24083.0,0
35.0,company invited,3,30.0,small business,male,4,4.0,deluxe,3.0,single,2.0,0,5,1,2.0,manager,23246.0,0
25.0,self enquiry,1,31.0,small business,male,3,4.0,basic,4.0,single,2.0,0,5,1,1.0,executive,22275.0,0
34.0,self enquiry,3,16.0,salaried,female,2,3.0,basic,3.0,married,2.0,1,1,0,1.0,executive,17220.0,0
40.0,self enquiry,2,24.0,salaried,male,2,1.0,basic,5.0,married,1.0,0,1,1,1.0,executive,17387.0,1
32.0,company invited,1,13.0,salaried,male,3,2.0,basic,4.0,divorced,2.0,0,2,0,1.0,executive,17794.0,0
47.0,company invited,1,35.0,salaried,male,2,3.0,standard,4.0,divorced,2.0,1,3,1,0.0,senior manager,26849.0,1
34.0,self enquiry,1,12.0,salaried,female,4,5.0,basic,3.0,married,3.0,0,1,0,1.0,executive,21589.0,0
45.0,self enquiry,2,10.0,salaried,female,2,5.0,standard,3.0,married,5.0,0,1,1,1.0,senior manager,24756.0,0
38.0,company invited,1,17.0,small business,male,4,4.0,standard,3.0,married,8.0,0,3,0,3.0,senior manager,28726.0,1
39.0,company invited,3,9.0,salaried,male,3,5.0,deluxe,3.0,divorced,5.0,0,5,1,2.0,manager,23927.0,0
28.0,company invited,1,17.0,salaried,male,3,4.0,standard,5.0,married,3.0,0,3,0,2.0,senior manager,27471.0,0
32.0,company invited,1,10.0,small business,male,4,4.0,standard,3.0,married,2.0,0,4,1,1.0,senior manager,32353.0,0
52.0,self enquiry,1,9.0,small business,male,2,4.0,standard,3.0,married,3.0,1,1,1,0.0,senior manager,22969.0,0
37.0,self enquiry,1,20.0,salaried,female,3,3.0,basic,5.0,married,2.0,0,4,1,0.0,executive,18034.0,0
35.0,company invited,1,24.0,large business,male,3,5.0,basic,3.0,married,2.0,1,5,1,2.0,executive,27178.0,1
47.0,self enquiry,3,16.0,small business,male,4,5.0,standard,3.0,single,3.0,0,5,0,2.0,senior manager,28297.0,1
35.0,self enquiry,1,15.0,salaried,female,3,4.0,standard,3.0,divorced,2.0,1,4,1,1.0,senior manager,25685.0,0
26.0,self enquiry,3,14.0,large business,male,2,4.0,deluxe,5.0,single,7.0,0,3,0,0.0,manager,20326.0,1
39.0,company invited,1,15.0,salaried,male,3,3.0,deluxe,4.0,single,1.0,0,1,1,0.0,manager,21782.0,0
37.0,self enquiry,1,8.0,salaried,male,3,4.0,basic,3.0,single,7.0,1,3,0,2.0,executive,17090.0,1
38.0,self enquiry,1,35.0,large business,male,2,3.0,deluxe,3.0,divorced,4.0,0,2,0,1.0,manager,21261.0,0
26.0,self enquiry,1,9.0,salaried,female,2,3.0,basic,3.0,married,2.0,0,3,1,1.0,executive,17061.0,0
46.0,self enquiry,3,9.0,salaried,male,4,4.0,deluxe,4.0,divorced,2.0,0,5,1,1.0,manager,23483.0,0
51.0,self enquiry,3,10.0,small business,male,3,5.0,basic,3.0,married,3.0,1,4,1,2.0,executive,21361.0,1
32.0,self enquiry,3,10.0,small business,male,2,5.0,standard,3.0,divorced,2.0,0,2,1,1.0,senior manager,25400.0,1
22.0,self enquiry,1,11.0,salaried,male,2,1.0,basic,4.0,married,2.0,1,4,1,0.0,executive,17328.0,0
59.0,self enquiry,3,6.0,large business,male,3,3.0,standard,3.0,married,4.0,1,1,1,0.0,senior manager,26904.0,0
29.0,self enquiry,1,9.0,small business,male,3,4.0,standard,3.0,divorced,2.0,0,2,1,2.0,senior manager,26935.0,0
42.0,self enquiry,1,12.0,small business,male,3,2.0,basic,3.0,divorced,4.0,1,1,1,2.0,executive,20805.0,0
29.0,self enquiry,3,12.0,small business,male,3,4.0,deluxe,5.0,single,2.0,0,1,1,1.0,manager,27141.0,0
27.0,company invited,1,7.0,salaried,female,3,4.0,deluxe,4.0,married,3.0,0,5,0,2.0,manager,25075.0,0
29.0,self enquiry,3,12.0,small business,male,4,4.0,deluxe,3.0,single,3.0,0,3,1,1.0,manager,23586.0,0
38.0,company invited,1,29.0,salaried,male,2,4.0,standard,3.0,single,1.0,0,3,1,0.0,senior manager,24526.0,0
19.0,self enquiry,1,9.0,small business,female,3,3.0,basic,4.0,single,2.0,0,3,1,2.0,executive,16483.0,0
38.0,self enquiry,1,28.0,salaried,male,4,3.0,basic,5.0,divorced,3.0,1,3,0,3.0,executive,22242.0,0
42.0,self enquiry,3,16.0,salaried,male,4,4.0,standard,3.0,married,5.0,1,1,0,2.0,senior manager,26867.0,0
29.0,self enquiry,1,36.0,salaried,male,4,6.0,deluxe,4.0,divorced,3.0,0,1,1,3.0,manager,25227.0,0
37.0,self enquiry,1,17.0,salaried,male,3,4.0,standard,5.0,married,2.0,1,5,1,2.0,senior manager,26999.0,0
28.0,self enquiry,1,15.0,small business,female,3,3.0,basic,3.0,married,6.0,0,3,1,1.0,executive,17377.0,0
39.0,self enquiry,3,30.0,small business,female,2,4.0,super deluxe,3.0,married,1.0,0,1,1,1.0,avp,27031.0,0
35.0,company invited,1,10.0,salaried,male,3,5.0,basic,3.0,married,5.0,0,1,0,1.0,executive,21657.0,0
36.0,self enquiry,1,11.0,salaried,male,4,4.0,basic,3.0,married,3.0,0,4,0,1.0,executive,20629.0,0
46.0,self enquiry,3,6.0,salaried,male,2,1.0,super deluxe,5.0,single,2.0,0,4,1,1.0,avp,32567.0,0
23.0,company invited,1,23.0,small business,male,4,2.0,basic,3.0,married,3.0,1,3,0,3.0,executive,21613.0,0
36.0,self enquiry,3,9.0,small business,female,4,4.0,basic,3.0,married,3.0,0,1,1,3.0,executive,20692.0,0
29.0,self enquiry,1,14.0,salaried,male,3,5.0,basic,5.0,married,2.0,1,3,0,1.0,executive,17119.0,1
44.0,self enquiry,1,9.0,salaried,male,2,3.0,basic,5.0,divorced,5.0,0,5,1,1.0,executive,17362.0,1
46.0,self enquiry,1,7.0,small business,female,4,4.0,basic,3.0,married,5.0,0,5,0,2.0,executive,20948.0,0
46.0,self enquiry,3,6.0,small business,female,3,3.0,standard,5.0,married,2.0,0,2,1,1.0,senior manager,25453.0,0
27.0,self enquiry,1,8.0,salaried,female,2,3.0,basic,5.0,married,2.0,0,3,1,1.0,executive,17341.0,0
38.0,self enquiry,1,21.0,salaried,female,4,4.0,basic,5.0,married,3.0,0,4,1,2.0,executive,21712.0,0
30.0,self enquiry,1,24.0,salaried,female,3,3.0,basic,3.0,single,2.0,0,1,1,2.0,executive,17632.0,0
23.0,self enquiry,1,13.0,small business,male,4,4.0,basic,3.0,divorced,2.0,0,2,1,1.0,executive,21451.0,0
47.0,company invited,1,22.0,small business,male,3,1.0,deluxe,3.0,married,2.0,1,1,1,0.0,manager,20067.0,0
31.0,company invited,1,16.0,small business,male,3,4.0,basic,5.0,single,4.0,1,3,0,2.0,executive,23373.0,1
44.0,self enquiry,1,16.0,salaried,male,3,3.0,basic,3.0,single,2.0,1,3,1,0.0,executive,17936.0,1
35.0,self enquiry,1,9.0,salaried,male,3,5.0,deluxe,5.0,divorced,8.0,0,4,0,2.0,manager,24635.0,0
30.0,self enquiry,1,30.0,salaried,male,3,4.0,basic,3.0,single,2.0,0,3,0,1.0,executive,20879.0,0
53.0,self enquiry,3,30.0,salaried,male,3,3.0,standard,5.0,single,7.0,1,3,1,2.0,senior manager,25448.0,1
35.0,self enquiry,3,22.0,small business,female,4,4.0,deluxe,5.0,single,3.0,0,1,1,3.0,manager,24803.0,0
42.0,self enquiry,3,11.0,small business,male,2,3.0,king,3.0,divorced,7.0,0,4,0,1.0,vp,33303.0,0
27.0,self enquiry,1,11.0,salaried,female,2,3.0,basic,4.0,single,2.0,1,3,0,1.0,executive,17478.0,0
41.0,self enquiry,1,17.0,salaried,female,3,2.0,basic,3.0,married,5.0,1,3,0,2.0,executive,20891.0,0
41.0,company invited,1,15.0,salaried,male,4,4.0,deluxe,3.0,married,5.0,1,3,1,2.0,manager,22747.0,0
38.0,self enquiry,2,6.0,salaried,male,2,1.0,basic,3.0,married,2.0,0,4,1,0.0,executive,17844.0,0
52.0,company invited,3,9.0,small business,male,3,4.0,standard,4.0,divorced,4.0,0,4,0,1.0,senior manager,29274.0,0
42.0,self enquiry,1,6.0,salaried,female,3,3.0,basic,5.0,married,4.0,0,3,0,2.0,executive,17576.0,0
44.0,company invited,1,16.0,small business,male,4,4.0,deluxe,3.0,married,5.0,1,3,1,3.0,manager,24357.0,0
28.0,self enquiry,1,15.0,small business,male,3,3.0,basic,3.0,married,2.0,0,1,1,0.0,executive,17070.0,0
29.0,self enquiry,1,7.0,salaried,female,4,6.0,basic,4.0,single,2.0,1,2,1,1.0,executive,20894.0,1
22.0,self enquiry,1,17.0,small business,female,2,3.0,basic,4.0,divorced,2.0,0,2,1,0.0,executive,17244.0,0
31.0,self enquiry,1,12.0,large business,female,3,4.0,basic,5.0,married,7.0,0,5,1,2.0,executive,21882.0,0
40.0,company invited,3,11.0,salaried,male,2,4.0,standard,5.0,divorced,6.0,1,5,0,1.0,senior manager,25475.0,0
31.0,self enquiry,1,7.0,salaried,male,3,5.0,deluxe,3.0,divorced,3.0,1,2,1,2.0,manager,23804.0,0
37.0,self enquiry,1,6.0,salaried,male,2,4.0,deluxe,3.0,married,2.0,0,5,0,0.0,manager,20993.0,0
35.0,company invited,1,14.0,salaried,male,4,6.0,deluxe,3.0,single,3.0,1,5,1,1.0,manager,24752.0,1
29.0,self enquiry,1,16.0,salaried,female,3,4.0,basic,5.0,single,7.0,1,5,1,0.0,executive,17404.0,1
21.0,self enquiry,3,18.0,salaried,female,2,1.0,basic,4.0,single,2.0,0,5,0,1.0,executive,17716.0,1
32.0,self enquiry,3,10.0,small business,male,2,5.0,standard,3.0,married,2.0,0,1,1,0.0,senior manager,25400.0,1
37.0,self enquiry,1,6.0,salaried,female,3,3.0,deluxe,4.0,divorced,7.0,0,2,1,1.0,manager,21447.0,0
36.0,self enquiry,1,13.0,salaried,male,4,4.0,basic,3.0,divorced,2.0,1,3,1,2.0,executive,22184.0,0
48.0,company invited,1,23.0,small business,male,4,2.0,deluxe,3.0,married,3.0,1,1,1,1.0,manager,23745.0,0
43.0,company invited,1,28.0,small business,female,3,4.0,deluxe,3.0,married,4.0,0,1,0,1.0,manager,23943.0,0
26.0,self enquiry,3,20.0,small business,male,3,4.0,basic,3.0,divorced,3.0,0,3,1,1.0,executive,20774.0,0
56.0,company invited,1,6.0,salaried,male,2,3.0,deluxe,3.0,married,2.0,0,3,0,0.0,manager,21306.0,0
59.0,self enquiry,1,28.0,small business,female,4,4.0,deluxe,4.0,married,6.0,0,3,1,2.0,manager,28686.0,1
29.0,self enquiry,3,10.0,small business,female,4,4.0,basic,4.0,married,3.0,0,1,1,1.0,executive,21534.0,0
36.0,self enquiry,3,22.0,small business,male,3,6.0,deluxe,3.0,married,8.0,1,1,1,2.0,manager,24118.0,1
44.0,self enquiry,1,29.0,small business,male,3,3.0,basic,5.0,single,1.0,0,3,0,2.0,executive,33213.0,1
34.0,self enquiry,1,9.0,salaried,male,3,4.0,basic,3.0,single,2.0,0,3,1,1.0,executive,21178.0,0
39.0,self enquiry,3,11.0,large business,male,2,3.0,deluxe,3.0,married,4.0,0,1,0,0.0,manager,17086.0,1
36.0,self enquiry,1,8.0,small business,male,3,3.0,basic,3.0,single,5.0,0,5,1,1.0,executive,17519.0,0
31.0,self enquiry,1,9.0,salaried,male,4,4.0,basic,4.0,single,3.0,0,3,0,1.0,executive,30594.0,1
25.0,self enquiry,3,25.0,small business,male,2,4.0,basic,4.0,divorced,2.0,1,2,0,0.0,executive,17413.0,1
36.0,self enquiry,3,9.0,small business,female,4,4.0,basic,3.0,divorced,3.0,0,2,1,1.0,executive,20692.0,0
38.0,company invited,1,14.0,small business,female,2,4.0,deluxe,4.0,married,2.0,1,1,1,0.0,manager,17133.0,0
48.0,self enquiry,1,10.0,salaried,male,2,3.0,standard,3.0,single,2.0,0,5,1,1.0,senior manager,22898.0,0
47.0,self enquiry,1,11.0,salaried,male,2,3.0,king,3.0,married,5.0,0,1,1,0.0,vp,33300.0,0
35.0,self enquiry,1,29.0,small business,male,3,5.0,basic,3.0,married,1.0,0,1,1,0.0,executive,17705.0,0
42.0,self enquiry,1,9.0,salaried,female,3,1.0,deluxe,3.0,divorced,3.0,1,5,0,0.0,manager,20231.0,0
34.0,self enquiry,1,11.0,small business,female,3,5.0,basic,4.0,married,8.0,0,4,0,2.0,executive,21300.0,0
29.0,self enquiry,3,16.0,salaried,male,4,4.0,deluxe,3.0,single,3.0,0,3,1,1.0,manager,23931.0,0
53.0,self enquiry,1,15.0,salaried,female,3,4.0,basic,5.0,divorced,2.0,0,1,1,2.0,executive,21628.0,0
35.0,self enquiry,1,16.0,small business,female,3,5.0,standard,4.0,single,3.0,0,2,1,2.0,senior manager,27299.0,0
49.0,company invited,3,31.0,salaried,male,4,6.0,basic,3.0,single,3.0,1,1,1,3.0,executive,21237.0,1
33.0,self enquiry,1,9.0,salaried,male,4,4.0,basic,4.0,single,3.0,0,3,1,2.0,executive,20071.0,1
40.0,self enquiry,1,9.0,large business,female,4,5.0,deluxe,3.0,single,3.0,0,2,1,1.0,manager,23231.0,0
53.0,self enquiry,3,6.0,small business,female,2,3.0,deluxe,5.0,single,1.0,0,1,1,1.0,manager,23381.0,0
31.0,self enquiry,1,8.0,small business,female,2,5.0,basic,3.0,married,2.0,1,5,1,0.0,executive,16129.0,0
29.0,self enquiry,1,17.0,salaried,female,3,4.0,deluxe,3.0,single,5.0,0,4,0,2.0,manager,22338.0,0
35.0,self enquiry,1,14.0,salaried,male,2,2.0,basic,3.0,divorced,2.0,0,5,1,1.0,executive,17269.0,0
23.0,self enquiry,1,10.0,small business,male,2,2.0,basic,5.0,divorced,3.0,0,4,0,1.0,executive,17819.0,0
49.0,self enquiry,3,9.0,small business,male,3,5.0,deluxe,4.0,single,2.0,1,1,1,1.0,manager,26576.0,1
41.0,self enquiry,3,6.0,salaried,female,3,3.0,deluxe,3.0,single,1.0,1,2,1,0.0,manager,20993.0,1
46.0,self enquiry,1,36.0,small business,male,3,4.0,basic,3.0,single,7.0,0,1,1,1.0,executive,22130.0,0
26.0,company invited,1,9.0,salaried,male,4,2.0,deluxe,3.0,married,3.0,0,1,0,2.0,manager,23884.0,0
56.0,company invited,3,12.0,salaried,female,2,2.0,super deluxe,5.0,divorced,1.0,0,3,1,0.0,avp,28212.0,0
50.0,self enquiry,1,23.0,salaried,female,2,4.0,standard,5.0,married,6.0,0,3,1,0.0,senior manager,28269.0,0
42.0,self enquiry,3,18.0,small business,male,3,3.0,deluxe,3.0,married,4.0,1,1,0,0.0,manager,20087.0,0
20.0,company invited,1,17.0,small business,female,4,5.0,basic,4.0,single,3.0,1,5,0,3.0,executive,20537.0,1
26.0,self enquiry,3,11.0,salaried,female,4,5.0,deluxe,3.0,single,3.0,1,1,0,3.0,manager,23165.0,0
37.0,self enquiry,1,13.0,small business,male,1,3.0,standard,3.0,single,5.0,0,1,0,0.0,senior manager,28664.0,0
34.0,company invited,3,14.0,small business,male,3,4.0,deluxe,5.0,divorced,2.0,0,3,0,1.0,manager,23051.0,0
36.0,self enquiry,3,8.0,small business,male,3,4.0,standard,3.0,divorced,2.0,0,2,1,0.0,senior manager,22596.0,0
38.0,company invited,3,7.0,small business,male,3,6.0,deluxe,3.0,married,3.0,0,1,0,2.0,manager,28203.0,0
28.0,self enquiry,3,9.0,small business,female,3,3.0,basic,4.0,married,2.0,0,1,1,0.0,executive,17856.0,0
47.0,company invited,3,33.0,salaried,male,4,5.0,deluxe,4.0,single,2.0,0,4,1,3.0,manager,26669.0,0
55.0,self enquiry,1,8.0,small business,male,2,4.0,king,5.0,married,1.0,0,5,0,1.0,vp,34038.0,0
38.0,company invited,1,12.0,small business,female,3,5.0,deluxe,3.0,married,1.0,1,2,0,2.0,manager,20329.0,0
39.0,company invited,1,10.0,salaried,male,3,4.0,basic,3.0,divorced,5.0,0,3,1,2.0,executive,21499.0,0
46.0,company invited,1,24.0,small business,female,2,3.0,standard,3.0,divorced,6.0,0,3,1,0.0,senior manager,25527.0,0
51.0,company invited,3,7.0,salaried,male,3,4.0,deluxe,3.0,single,5.0,1,1,1,2.0,manager,23406.0,1
36.0,company invited,1,9.0,small business,male,3,4.0,deluxe,3.0,married,4.0,0,3,0,2.0,manager,24440.0,0
30.0,company invited,1,29.0,salaried,male,3,5.0,basic,3.0,married,2.0,0,3,1,2.0,executive,17613.0,0
22.0,self enquiry,1,7.0,large business,female,4,5.0,basic,4.0,single,3.0,1,5,1,2.0,executive,20748.0,0
52.0,self enquiry,1,8.0,salaried,female,2,4.0,basic,3.0,single,1.0,0,3,0,0.0,executive,18212.0,0
34.0,self enquiry,1,6.0,salaried,female,3,1.0,basic,3.0,single,3.0,0,1,1,1.0,executive,18280.0,0
27.0,company invited,1,7.0,small business,female,4,5.0,basic,3.0,married,3.0,0,2,1,1.0,executive,20685.0,0
29.0,self enquiry,1,9.0,salaried,male,4,5.0,basic,4.0,divorced,2.0,0,2,0,3.0,executive,21879.0,0
29.0,self enquiry,1,14.0,salaried,male,4,4.0,basic,5.0,single,5.0,1,3,0,3.0,executive,25352.0,1
28.0,self enquiry,1,22.0,small business,male,3,1.0,deluxe,5.0,single,1.0,0,5,0,1.0,manager,20661.0,0
38.0,company invited,1,12.0,salaried,male,3,4.0,deluxe,3.0,married,3.0,0,4,1,1.0,manager,20321.0,0
24.0,company invited,2,16.0,small business,male,2,3.0,basic,3.0,married,1.0,0,4,1,1.0,executive,17145.0,0
27.0,company invited,3,8.0,salaried,male,2,5.0,deluxe,3.0,single,4.0,0,4,1,1.0,manager,20071.0,0
48.0,company invited,3,10.0,small business,female,3,4.0,super deluxe,3.0,married,2.0,1,5,1,2.0,avp,32448.0,0
35.0,company invited,1,24.0,salaried,male,2,3.0,standard,3.0,single,3.0,0,3,0,0.0,senior manager,24362.0,0
40.0,company invited,3,34.0,salaried,male,2,5.0,standard,5.0,married,4.0,0,5,1,0.0,senior manager,25932.0,0
51.0,self enquiry,1,35.0,small business,male,4,2.0,basic,3.0,married,3.0,1,1,0,2.0,executive,21899.0,0
41.0,self enquiry,3,21.0,salaried,female,3,4.0,deluxe,5.0,married,3.0,0,3,0,2.0,manager,23317.0,0
31.0,self enquiry,1,9.0,salaried,male,3,5.0,deluxe,3.0,divorced,3.0,0,4,1,1.0,manager,22830.0,0
54.0,self enquiry,1,8.0,large business,female,2,3.0,standard,3.0,married,1.0,0,4,0,0.0,senior manager,28549.0,0
52.0,company invited,3,8.0,salaried,male,3,4.0,king,3.0,single,2.0,1,1,1,0.0,vp,34068.0,0
32.0,company invited,3,14.0,small business,female,4,4.0,standard,5.0,married,4.0,0,1,1,3.0,senior manager,28315.0,0
21.0,company invited,3,16.0,small business,female,3,4.0,basic,3.0,single,3.0,1,4,0,1.0,executive,21001.0,1
25.0,company invited,3,30.0,salaried,male,3,5.0,basic,3.0,single,2.0,1,1,1,1.0,executive,16118.0,1
22.0,self enquiry,1,12.0,small business,male,3,3.0,basic,3.0,divorced,1.0,0,2,1,0.0,executive,17773.0,0
38.0,self enquiry,1,14.0,small business,male,2,4.0,standard,3.0,single,6.0,0,1,0,1.0,senior manager,32342.0,0
25.0,self enquiry,1,13.0,small business,male,3,4.0,basic,3.0,married,2.0,0,1,0,2.0,executive,17889.0,0
30.0,self enquiry,1,9.0,salaried,male,4,4.0,basic,4.0,divorced,2.0,0,4,0,1.0,executive,21381.0,0
33.0,self enquiry,3,9.0,small business,male,3,5.0,deluxe,4.0,single,2.0,1,1,1,1.0,manager,28585.0,1
55.0,self enquiry,1,26.0,large business,male,2,3.0,deluxe,3.0,married,4.0,1,1,0,0.0,manager,20415.0,0
33.0,self enquiry,3,14.0,salaried,male,4,5.0,deluxe,3.0,married,3.0,0,3,1,1.0,manager,24162.0,0
32.0,company invited,1,10.0,salaried,female,3,4.0,basic,3.0,single,3.0,0,4,1,2.0,executive,22762.0,1
31.0,company invited,1,15.0,small business,male,2,4.0,basic,5.0,single,1.0,1,3,1,0.0,executive,17321.0,1
34.0,self enquiry,1,28.0,small business,male,4,2.0,basic,4.0,married,3.0,0,1,1,2.0,executive,20706.0,0
27.0,self enquiry,3,7.0,salaried,male,3,4.0,deluxe,3.0,married,3.0,0,5,0,2.0,manager,23974.0,0
39.0,self enquiry,2,7.0,salaried,male,3,2.0,basic,3.0,divorced,3.0,0,4,1,1.0,executive,21522.0,0
52.0,company invited,1,15.0,salaried,male,3,6.0,standard,3.0,single,4.0,0,2,0,2.0,senior manager,29328.0,1
25.0,self enquiry,2,8.0,salaried,female,2,3.0,basic,4.0,married,5.0,0,4,0,0.0,executive,17187.0,0
50.0,self enquiry,1,16.0,large business,male,3,4.0,standard,3.0,single,7.0,0,5,1,1.0,senior manager,25496.0,0
35.0,self enquiry,3,16.0,small business,male,2,4.0,standard,5.0,married,1.0,0,5,1,1.0,senior manager,25306.0,1
36.0,self enquiry,1,18.0,small business,female,2,4.0,standard,3.0,single,1.0,0,1,1,0.0,senior manager,23858.0,0
31.0,self enquiry,1,7.0,salaried,male,3,6.0,basic,3.0,divorced,5.0,0,4,1,1.0,executive,22511.0,0
37.0,self enquiry,1,6.0,salaried,female,2,3.0,basic,3.0,single,2.0,0,1,1,0.0,executive,17115.0,0
30.0,self enquiry,3,33.0,small business,male,2,3.0,deluxe,3.0,married,1.0,0,3,1,0.0,manager,20304.0,0
39.0,company invited,1,17.0,small business,male,4,4.0,basic,3.0,divorced,2.0,0,5,0,3.0,executive,21362.0,0
58.0,self enquiry,1,8.0,salaried,male,2,3.0,king,4.0,single,1.0,1,3,1,0.0,vp,34246.0,1
48.0,self enquiry,3,9.0,small business,female,3,4.0,deluxe,3.0,married,2.0,1,1,1,2.0,manager,23215.0,0
29.0,self enquiry,1,6.0,large business,male,3,4.0,basic,5.0,single,7.0,0,3,0,2.0,executive,17362.0,1
35.0,self enquiry,1,13.0,salaried,male,2,3.0,standard,3.0,single,4.0,0,3,0,0.0,senior manager,25221.0,0
30.0,self enquiry,1,23.0,small business,female,3,3.0,standard,5.0,divorced,2.0,1,4,0,2.0,senior manager,26916.0,0
41.0,self enquiry,3,7.0,small business,male,3,6.0,deluxe,3.0,married,4.0,1,3,1,1.0,manager,26135.0,0
46.0,self enquiry,1,9.0,salaried,female,4,5.0,basic,3.0,single,3.0,0,3,1,2.0,executive,20952.0,0
41.0,self enquiry,1,26.0,small business,male,2,4.0,deluxe,3.0,married,2.0,1,1,1,1.0,manager,21419.0,0
29.0,self enquiry,1,13.0,large business,female,2,3.0,basic,3.0,married,4.0,1,4,1,0.0,executive,31124.0,1
45.0,self enquiry,1,12.0,salaried,male,2,3.0,standard,5.0,divorced,5.0,1,3,0,0.0,senior manager,28245.0,0
42.0,self enquiry,3,20.0,small business,female,3,4.0,deluxe,3.0,single,1.0,0,3,1,0.0,manager,21244.0,0
44.0,self enquiry,3,16.0,small business,female,3,6.0,deluxe,3.0,single,2.0,0,2,1,2.0,manager,24024.0,1
40.0,self enquiry,1,13.0,small business,male,4,4.0,basic,5.0,divorced,2.0,1,2,1,2.0,executive,21082.0,1
33.0,self enquiry,1,13.0,small business,male,2,3.0,standard,3.0,divorced,1.0,0,4,0,0.0,senior manager,26691.0,0
46.0,self enquiry,3,16.0,small business,male,4,4.0,standard,5.0,married,6.0,1,1,0,1.0,senior manager,29439.0,0
39.0,company invited,1,9.0,salaried,female,4,2.0,deluxe,5.0,single,8.0,1,2,1,3.0,manager,24658.0,0
36.0,self enquiry,3,14.0,salaried,male,4,4.0,basic,3.0,divorced,3.0,0,3,1,1.0,executive,21082.0,0
19.0,self enquiry,1,9.0,small business,female,3,3.0,basic,4.0,single,2.0,0,3,1,0.0,executive,16483.0,0
32.0,self enquiry,3,20.0,small business,male,3,4.0,deluxe,5.0,married,4.0,0,1,0,2.0,manager,22911.0,1
25.0,company invited,1,9.0,large business,female,3,4.0,basic,3.0,single,3.0,1,3,1,2.0,executive,22438.0,0
46.0,self enquiry,1,6.0,small business,male,3,3.0,standard,5.0,married,1.0,0,1,0,2.0,senior manager,24396.0,0
28.0,self enquiry,3,15.0,salaried,male,3,3.0,deluxe,3.0,single,2.0,0,3,1,0.0,manager,20253.0,0
35.0,company invited,3,11.0,small business,female,4,4.0,deluxe,3.0,married,2.0,0,1,0,1.0,manager,25216.0,0
38.0,company invited,3,8.0,salaried,male,2,4.0,deluxe,3.0,married,4.0,0,5,1,1.0,manager,20249.0,0
40.0,company invited,1,9.0,large business,female,4,4.0,standard,3.0,single,2.0,0,1,1,3.0,senior manager,29616.0,0
35.0,self enquiry,3,6.0,small business,male,3,3.0,standard,4.0,divorced,2.0,0,4,1,2.0,senior manager,22295.0,0
32.0,self enquiry,3,14.0,small business,male,2,1.0,deluxe,3.0,divorced,2.0,0,5,0,0.0,manager,21209.0,0
20.0,self enquiry,1,32.0,salaried,female,3,2.0,basic,3.0,single,3.0,1,5,1,1.0,executive,21672.0,0
34.0,company invited,1,10.0,salaried,female,3,4.0,basic,3.0,married,3.0,1,1,1,2.0,executive,21587.0,0
33.0,company invited,1,23.0,salaried,female,4,6.0,basic,5.0,single,3.0,1,4,1,3.0,executive,22597.0,1
51.0,self enquiry,1,31.0,salaried,male,4,4.0,super deluxe,3.0,divorced,5.0,1,4,0,1.0,avp,32651.0,0
38.0,self enquiry,1,6.0,salaried,female,2,3.0,basic,5.0,single,4.0,0,2,1,1.0,executive,17619.0,0
43.0,company invited,1,16.0,small business,female,4,4.0,basic,3.0,single,3.0,0,4,1,2.0,executive,22351.0,0
37.0,self enquiry,1,25.0,salaried,male,3,3.0,basic,4.0,divorced,5.0,0,4,1,1.0,executive,18022.0,0
58.0,self enquiry,1,11.0,large business,female,2,4.0,standard,4.0,married,3.0,1,5,1,1.0,senior manager,25552.0,0
51.0,self enquiry,3,27.0,small business,male,3,3.0,deluxe,3.0,single,1.0,1,5,0,2.0,manager,20441.0,0
36.0,self enquiry,2,33.0,salaried,female,3,4.0,standard,3.0,single,3.0,1,1,1,1.0,senior manager,27515.0,0
30.0,self enquiry,3,11.0,salaried,female,2,3.0,standard,3.0,married,3.0,0,4,1,1.0,senior manager,24419.0,0
37.0,company invited,1,17.0,salaried,male,2,3.0,standard,3.0,married,2.0,1,3,1,1.0,senior manager,27185.0,0
25.0,self enquiry,1,6.0,small business,female,2,3.0,basic,4.0,single,2.0,0,3,1,0.0,executive,17096.0,0
40.0,self enquiry,1,9.0,large business,female,4,5.0,deluxe,3.0,single,3.0,0,1,1,2.0,manager,23231.0,0
42.0,company invited,1,14.0,salaried,male,3,3.0,king,3.0,married,2.0,0,5,1,1.0,vp,33430.0,0
39.0,self enquiry,1,7.0,salaried,female,3,4.0,basic,5.0,single,5.0,0,1,0,2.0,executive,21297.0,0
21.0,company invited,3,6.0,large business,female,3,4.0,basic,4.0,single,2.0,1,5,1,2.0,executive,17174.0,1
55.0,self enquiry,1,26.0,small business,female,4,4.0,deluxe,5.0,married,2.0,1,3,0,1.0,manager,24163.0,0
30.0,company invited,1,15.0,small business,male,3,3.0,deluxe,5.0,married,2.0,0,1,1,1.0,manager,18072.0,0
35.0,self enquiry,1,7.0,salaried,male,3,5.0,basic,3.0,married,3.0,1,1,1,2.0,executive,22300.0,0
27.0,self enquiry,1,13.0,salaried,female,3,5.0,basic,4.0,divorced,3.0,0,3,1,1.0,executive,21046.0,0
47.0,self enquiry,3,22.0,small business,male,3,6.0,deluxe,3.0,married,8.0,1,1,0,2.0,manager,22101.0,1
22.0,self enquiry,1,25.0,small business,male,3,3.0,basic,3.0,divorced,2.0,0,2,0,1.0,executive,17323.0,0
56.0,self enquiry,1,30.0,salaried,male,3,3.0,basic,3.0,single,2.0,0,3,0,0.0,executive,17587.0,1
51.0,company invited,3,7.0,salaried,male,4,4.0,deluxe,3.0,married,2.0,0,3,1,2.0,manager,25406.0,1
35.0,self enquiry,1,13.0,salaried,female,3,5.0,deluxe,4.0,married,8.0,0,3,0,2.0,manager,23183.0,0
36.0,self enquiry,1,12.0,salaried,male,2,3.0,basic,3.0,divorced,1.0,0,5,1,1.0,executive,18210.0,0
31.0,self enquiry,3,11.0,large business,male,2,3.0,deluxe,3.0,married,2.0,0,5,0,1.0,manager,23346.0,0
33.0,company invited,1,12.0,large business,male,4,4.0,basic,4.0,single,4.0,0,3,1,2.0,executive,21396.0,0
23.0,self enquiry,1,7.0,salaried,male,4,4.0,basic,3.0,single,2.0,0,3,0,3.0,executive,22053.0,0
41.0,self enquiry,3,26.0,small business,female,3,3.0,basic,4.0,single,2.0,1,4,0,1.0,executive,18140.0,1
34.0,self enquiry,1,9.0,salaried,female,3,4.0,basic,5.0,divorced,2.0,0,3,1,1.0,executive,21385.0,1
41.0,company invited,3,12.0,salaried,male,3,5.0,standard,5.0,married,7.0,1,5,0,1.0,senior manager,29153.0,0
32.0,self enquiry,3,6.0,salaried,male,2,5.0,deluxe,4.0,single,7.0,0,3,0,1.0,manager,21735.0,1
26.0,self enquiry,3,26.0,small business,male,3,5.0,basic,4.0,divorced,3.0,1,2,0,1.0,executive,21091.0,1
41.0,company invited,3,31.0,salaried,female,4,2.0,super deluxe,4.0,single,6.0,1,3,1,1.0,avp,31872.0,1
27.0,company invited,1,7.0,salaried,female,4,6.0,basic,3.0,married,5.0,0,4,1,1.0,executive,23042.0,0
32.0,company invited,3,9.0,salaried,male,3,4.0,deluxe,5.0,single,2.0,0,1,0,1.0,manager,24010.0,0
41.0,self enquiry,1,25.0,salaried,male,2,3.0,deluxe,5.0,married,3.0,0,2,1,0.0,manager,18072.0,0
28.0,company invited,2,6.0,salaried,male,2,3.0,basic,3.0,married,2.0,0,4,0,1.0,executive,17706.0,0
36.0,self enquiry,1,29.0,salaried,female,4,3.0,standard,4.0,married,2.0,0,5,1,2.0,senior manager,30674.0,0
35.0,self enquiry,1,12.0,salaried,male,2,5.0,deluxe,3.0,single,2.0,0,5,0,1.0,manager,21646.0,0
44.0,company invited,1,17.0,salaried,female,3,5.0,deluxe,3.0,married,3.0,0,3,0,1.0,manager,23935.0,0
48.0,company invited,3,34.0,salaried,female,4,2.0,deluxe,3.0,single,6.0,1,4,0,2.0,manager,25075.0,1
39.0,company invited,1,9.0,salaried,male,3,4.0,basic,3.0,married,3.0,1,5,1,1.0,executive,20380.0,0
28.0,self enquiry,1,8.0,salaried,male,3,4.0,basic,4.0,married,1.0,0,1,0,2.0,executive,18201.0,0
51.0,self enquiry,3,33.0,salaried,male,2,3.0,deluxe,3.0,single,2.0,1,5,1,1.0,manager,29026.0,1
44.0,self enquiry,3,6.0,small business,female,3,3.0,deluxe,5.0,married,6.0,1,1,1,1.0,manager,20454.0,0
37.0,self enquiry,1,8.0,large business,female,4,6.0,standard,5.0,married,4.0,1,1,1,1.0,senior manager,28930.0,0
38.0,company invited,1,32.0,small business,female,4,4.0,deluxe,3.0,married,5.0,1,3,1,3.0,manager,23127.0,0
34.0,company invited,1,15.0,salaried,male,3,3.0,deluxe,5.0,married,5.0,0,3,0,1.0,manager,20346.0,1
28.0,company invited,1,6.0,small business,male,2,4.0,basic,4.0,married,2.0,0,4,0,0.0,executive,17596.0,1
26.0,self enquiry,3,12.0,small business,male,3,5.0,deluxe,3.0,single,3.0,1,3,0,2.0,manager,24422.0,1
26.0,self enquiry,3,16.0,salaried,male,4,5.0,basic,5.0,divorced,5.0,0,1,1,1.0,executive,23078.0,1
40.0,self enquiry,3,10.0,small business,male,3,4.0,standard,3.0,divorced,1.0,0,2,1,0.0,senior manager,25855.0,0
28.0,self enquiry,1,8.0,salaried,male,3,4.0,basic,4.0,divorced,1.0,0,2,0,2.0,executive,18201.0,0
32.0,company invited,1,7.0,salaried,female,4,4.0,deluxe,5.0,divorced,3.0,0,5,1,3.0,manager,22826.0,0
55.0,company invited,1,8.0,salaried,male,3,3.0,standard,4.0,divorced,4.0,0,2,1,1.0,senior manager,25976.0,0
42.0,self enquiry,3,14.0,small business,male,2,3.0,deluxe,4.0,married,1.0,0,3,1,0.0,manager,21825.0,0
41.0,self enquiry,3,16.0,small business,male,3,4.0,deluxe,5.0,married,2.0,0,3,1,2.0,manager,24151.0,0
25.0,self enquiry,1,36.0,small business,male,4,4.0,basic,5.0,married,3.0,0,4,1,2.0,executive,22585.0,0
34.0,self enquiry,3,20.0,large business,female,2,3.0,basic,3.0,married,2.0,1,5,1,1.0,executive,17579.0,0
20.0,company invited,1,12.0,salaried,female,3,4.0,basic,3.0,single,2.0,1,1,0,0.0,executive,17926.0,1
27.0,self enquiry,1,13.0,salaried,female,3,5.0,basic,4.0,married,3.0,0,3,1,2.0,executive,21046.0,0
36.0,company invited,3,15.0,small business,female,4,5.0,standard,3.0,married,6.0,1,5,1,3.0,senior manager,29055.0,0
34.0,company invited,1,10.0,salaried,male,4,4.0,basic,5.0,single,3.0,1,5,1,1.0,executive,22026.0,1
46.0,self enquiry,1,28.0,small business,male,3,3.0,deluxe,3.0,married,2.0,1,5,1,2.0,manager,33789.0,1
30.0,self enquiry,1,32.0,large business,female,4,5.0,basic,4.0,married,7.0,0,3,1,3.0,executive,21224.0,1
40.0,self enquiry,1,31.0,small business,male,3,4.0,basic,4.0,married,3.0,1,1,0,1.0,executive,22582.0,1
23.0,self enquiry,1,12.0,salaried,male,3,1.0,basic,5.0,married,2.0,1,3,0,0.0,executive,16601.0,1
27.0,self enquiry,1,10.0,salaried,male,3,3.0,basic,3.0,married,2.0,0,4,1,1.0,executive,17517.0,0
54.0,self enquiry,1,15.0,salaried,female,3,3.0,deluxe,3.0,married,4.0,0,5,0,1.0,manager,17897.0,0
28.0,self enquiry,3,9.0,small business,male,3,4.0,basic,5.0,married,2.0,0,5,0,2.0,executive,21719.0,1
29.0,self enquiry,3,16.0,small business,male,2,3.0,basic,4.0,married,2.0,0,2,0,1.0,executive,17297.0,0
32.0,self enquiry,3,13.0,salaried,male,4,6.0,deluxe,3.0,divorced,6.0,1,3,1,2.0,manager,24850.0,1
56.0,self enquiry,3,7.0,salaried,male,4,4.0,standard,3.0,married,5.0,0,1,0,3.0,senior manager,28917.0,0
42.0,company invited,3,11.0,small business,male,3,4.0,deluxe,4.0,single,3.0,0,3,1,1.0,manager,28033.0,1
28.0,self enquiry,1,9.0,salaried,female,3,4.0,basic,5.0,married,3.0,0,3,1,2.0,executive,21019.0,0
37.0,company invited,3,15.0,small business,male,3,3.0,standard,4.0,married,2.0,0,1,1,2.0,senior manager,23834.0,0
38.0,self enquiry,1,9.0,salaried,male,4,5.0,basic,3.0,single,8.0,1,3,0,3.0,executive,20768.0,1
47.0,company invited,1,14.0,small business,female,2,4.0,deluxe,3.0,divorced,4.0,0,5,0,1.0,manager,23936.0,0
34.0,self enquiry,1,13.0,salaried,female,2,3.0,standard,4.0,single,1.0,0,3,1,0.0,senior manager,26994.0,0
38.0,self enquiry,1,8.0,small business,male,3,3.0,basic,3.0,married,7.0,1,4,0,2.0,executive,18057.0,0
31.0,self enquiry,3,13.0,salaried,male,2,4.0,standard,3.0,married,1.0,0,3,1,0.0,senior manager,26557.0,0
43.0,company invited,1,16.0,salaried,female,2,3.0,basic,3.0,single,1.0,0,5,0,1.0,executive,17455.0,0
41.0,self enquiry,1,20.0,salaried,male,2,3.0,basic,3.0,married,5.0,0,4,1,1.0,executive,17451.0,0
53.0,self enquiry,1,13.0,small business,female,2,3.0,king,3.0,married,4.0,0,1,1,1.0,vp,33606.0,0
34.0,self enquiry,1,8.0,salaried,male,2,4.0,deluxe,5.0,divorced,7.0,0,4,0,1.0,manager,20957.0,0
43.0,company invited,1,15.0,small business,male,3,3.0,deluxe,3.0,married,4.0,1,3,1,0.0,manager,20679.0,0
32.0,company invited,1,21.0,small business,female,2,3.0,deluxe,3.0,married,6.0,0,3,0,1.0,manager,21667.0,0
35.0,self enquiry,3,16.0,salaried,female,4,4.0,deluxe,3.0,divorced,3.0,0,2,1,3.0,manager,24392.0,0
36.0,self enquiry,1,12.0,salaried,female,2,2.0,deluxe,3.0,divorced,4.0,0,2,0,0.0,manager,18038.0,0
42.0,company invited,1,8.0,small business,male,2,3.0,basic,3.0,single,6.0,1,2,0,1.0,executive,17515.0,0
36.0,self enquiry,1,17.0,small business,female,3,4.0,deluxe,3.0,single,5.0,1,1,1,1.0,manager,24820.0,0
24.0,company invited,3,19.0,salaried,female,3,3.0,basic,4.0,divorced,2.0,0,1,0,0.0,executive,17033.0,0
43.0,self enquiry,3,15.0,small business,female,2,5.0,deluxe,3.0,single,1.0,0,1,0,0.0,manager,20346.0,1
33.0,self enquiry,3,9.0,small business,male,3,4.0,deluxe,4.0,divorced,2.0,1,1,0,2.0,manager,22756.0,0
32.0,company invited,1,16.0,small business,male,3,5.0,basic,5.0,single,2.0,1,3,1,1.0,executive,20999.0,1
27.0,company invited,1,9.0,salaried,male,3,4.0,basic,5.0,married,8.0,1,5,0,1.0,executive,20720.0,1
36.0,self enquiry,1,15.0,small business,male,2,4.0,deluxe,4.0,married,3.0,1,4,0,1.0,manager,23847.0,0
47.0,company invited,3,12.0,small business,male,4,4.0,deluxe,3.0,single,6.0,1,5,1,2.0,manager,24450.0,0
37.0,company invited,3,17.0,small business,male,3,4.0,standard,3.0,single,3.0,0,1,1,2.0,senior manager,28658.0,0
31.0,self enquiry,3,12.0,salaried,female,3,4.0,standard,3.0,married,4.0,0,4,1,2.0,senior manager,28097.0,0
35.0,company invited,1,17.0,salaried,male,3,2.0,deluxe,3.0,married,3.0,0,4,1,1.0,manager,23402.0,0
30.0,self enquiry,1,17.0,salaried,female,4,5.0,basic,5.0,single,8.0,1,5,1,1.0,executive,21082.0,1
47.0,company invited,1,7.0,small business,male,3,5.0,standard,5.0,married,4.0,1,1,1,2.0,senior manager,29351.0,0
46.0,company invited,3,11.0,small business,male,3,3.0,deluxe,3.0,single,5.0,1,5,1,1.0,manager,20772.0,0
54.0,self enquiry,1,8.0,large business,female,2,3.0,standard,3.0,divorced,1.0,0,4,1,0.0,senior manager,28549.0,0
47.0,self enquiry,1,9.0,large business,male,3,4.0,deluxe,3.0,married,4.0,0,1,0,1.0,manager,26057.0,0
31.0,self enquiry,2,28.0,salaried,male,2,5.0,basic,3.0,married,2.0,0,1,0,1.0,executive,24852.0,1
27.0,company invited,3,14.0,salaried,male,2,3.0,standard,3.0,single,2.0,0,1,1,0.0,senior manager,23726.0,0
28.0,self enquiry,3,15.0,small business,female,3,4.0,deluxe,4.0,divorced,3.0,0,2,0,1.0,manager,24892.0,0
44.0,self enquiry,1,15.0,salaried,male,3,3.0,basic,5.0,married,2.0,1,3,1,0.0,executive,17559.0,0
60.0,self enquiry,1,9.0,salaried,female,4,5.0,super deluxe,3.0,single,5.0,1,5,1,1.0,avp,32404.0,0
26.0,self enquiry,3,11.0,salaried,female,1,4.0,basic,3.0,single,1.0,0,1,0,0.0,executive,17966.0,0
26.0,self enquiry,1,9.0,salaried,male,3,4.0,basic,3.0,married,8.0,1,5,0,1.0,executive,22655.0,0
40.0,self enquiry,1,12.0,salaried,female,3,3.0,super deluxe,3.0,single,1.0,0,5,1,2.0,avp,28237.0,0
47.0,self enquiry,1,14.0,small business,male,4,4.0,standard,3.0,married,8.0,0,2,0,3.0,senior manager,29523.0,0
39.0,self enquiry,3,21.0,small business,male,3,3.0,super deluxe,5.0,single,1.0,0,1,1,2.0,avp,28341.0,0
49.0,company invited,1,7.0,small business,male,3,2.0,super deluxe,3.0,single,4.0,0,2,0,1.0,avp,35563.0,0
30.0,self enquiry,1,16.0,small business,female,3,4.0,basic,3.0,married,2.0,0,5,1,2.0,executive,21652.0,0
32.0,self enquiry,1,11.0,salaried,female,2,1.0,basic,3.0,married,4.0,0,5,1,1.0,executive,18312.0,0
47.0,company invited,3,9.0,small business,female,2,3.0,super deluxe,3.0,married,1.0,1,5,1,1.0,avp,28770.0,0
48.0,self enquiry,3,9.0,salaried,female,4,5.0,basic,3.0,single,3.0,1,1,0,1.0,executive,21972.0,0
28.0,self enquiry,1,21.0,salaried,male,3,4.0,basic,5.0,married,3.0,1,4,1,1.0,executive,20913.0,0
40.0,self enquiry,3,28.0,small business,male,3,4.0,deluxe,3.0,married,3.0,1,3,1,0.0,manager,21380.0,1
32.0,self enquiry,1,9.0,small business,female,3,3.0,deluxe,5.0,married,2.0,0,1,1,0.0,manager,21725.0,0
36.0,self enquiry,3,9.0,salaried,male,2,4.0,standard,3.0,divorced,2.0,1,2,1,0.0,senior manager,25325.0,1
51.0,self enquiry,1,6.0,salaried,male,3,3.0,basic,3.0,divorced,2.0,0,4,1,0.0,executive,17723.0,0
52.0,self enquiry,1,15.0,salaried,male,3,5.0,standard,4.0,divorced,7.0,0,3,1,2.0,senior manager,31168.0,0
35.0,self enquiry,1,24.0,salaried,female,3,4.0,basic,3.0,single,3.0,1,5,1,1.0,executive,23216.0,1
32.0,company invited,1,8.0,salaried,male,3,3.0,basic,3.0,single,1.0,0,5,1,1.0,executive,18068.0,0
46.0,self enquiry,1,15.0,salaried,male,4,4.0,deluxe,3.0,married,2.0,0,3,1,1.0,manager,22375.0,0
44.0,self enquiry,3,11.0,small business,female,3,5.0,standard,3.0,single,5.0,0,3,1,1.0,senior manager,28909.0,0
49.0,self enquiry,3,14.0,small business,male,4,4.0,deluxe,5.0,married,6.0,0,4,1,2.0,manager,24164.0,0
44.0,self enquiry,1,13.0,small business,female,4,5.0,deluxe,3.0,single,3.0,1,4,1,2.0,manager,22759.0,0
35.0,self enquiry,3,9.0,salaried,male,3,3.0,standard,3.0,married,7.0,0,5,0,1.0,senior manager,22823.0,0
52.0,company invited,3,13.0,small business,female,3,3.0,basic,3.0,married,3.0,1,4,1,2.0,executive,23446.0,1
35.0,self enquiry,3,16.0,salaried,female,4,4.0,deluxe,3.0,married,3.0,0,1,0,1.0,manager,24392.0,0
34.0,self enquiry,3,21.0,small business,female,3,3.0,deluxe,5.0,single,2.0,0,1,1,2.0,manager,21125.0,0
39.0,self enquiry,1,9.0,salaried,male,3,4.0,deluxe,3.0,divorced,2.0,0,2,0,2.0,manager,25231.0,0
30.0,self enquiry,3,34.0,small business,female,3,4.0,standard,3.0,divorced,3.0,0,3,1,2.0,senior manager,26317.0,1
52.0,self enquiry,3,9.0,small business,male,2,4.0,super deluxe,5.0,married,2.0,0,5,1,0.0,avp,31856.0,0
35.0,self enquiry,2,10.0,salaried,male,3,4.0,basic,3.0,divorced,2.0,0,2,1,2.0,executive,22415.0,0
45.0,self enquiry,3,7.0,small business,female,4,4.0,deluxe,5.0,married,7.0,1,1,1,2.0,manager,24132.0,0
34.0,self enquiry,1,21.0,small business,male,3,4.0,basic,3.0,divorced,7.0,1,2,0,2.0,executive,21114.0,1
34.0,company invited,1,23.0,large business,male,2,4.0,basic,3.0,married,1.0,1,5,1,1.0,executive,23500.0,1
24.0,self enquiry,1,17.0,small business,male,4,3.0,basic,3.0,single,3.0,0,2,1,2.0,executive,22183.0,0
31.0,self enquiry,3,9.0,large business,male,4,4.0,basic,4.0,divorced,3.0,0,3,1,3.0,executive,21154.0,0
41.0,self enquiry,3,8.0,salaried,female,3,3.0,super deluxe,5.0,married,1.0,0,5,1,2.0,avp,31595.0,0
44.0,self enquiry,1,6.0,small business,male,2,3.0,basic,3.0,single,7.0,1,4,0,1.0,executive,17436.0,0
35.0,self enquiry,1,14.0,salaried,male,2,1.0,basic,3.0,married,2.0,0,5,1,1.0,executive,17269.0,0
43.0,self enquiry,1,7.0,salaried,female,4,4.0,basic,5.0,married,5.0,0,3,1,2.0,executive,21254.0,0
36.0,company invited,1,15.0,salaried,female,3,4.0,deluxe,3.0,married,3.0,0,5,1,2.0,manager,22826.0,0
30.0,self enquiry,1,15.0,small business,male,2,4.0,basic,3.0,single,2.0,0,4,0,1.0,executive,17206.0,0
36.0,self enquiry,1,30.0,small business,female,2,4.0,basic,5.0,married,5.0,1,4,0,1.0,executive,22692.0,0
38.0,company invited,1,12.0,small business,female,3,5.0,deluxe,3.0,married,1.0,1,1,0,2.0,manager,20329.0,0
45.0,self enquiry,1,8.0,salaried,female,3,4.0,basic,3.0,single,2.0,0,3,1,0.0,executive,17274.0,0
43.0,company invited,2,9.0,small business,male,4,2.0,deluxe,5.0,married,2.0,0,1,1,2.0,manager,24950.0,0
59.0,company invited,1,20.0,salaried,female,2,3.0,standard,3.0,single,1.0,1,5,1,0.0,senior manager,25512.0,1
33.0,self enquiry,1,10.0,small business,female,2,4.0,basic,4.0,divorced,7.0,0,4,0,0.0,executive,17622.0,0
39.0,self enquiry,1,7.0,large business,female,4,4.0,standard,5.0,divorced,3.0,0,4,1,3.0,senior manager,32260.0,0
36.0,company invited,3,14.0,salaried,male,3,4.0,standard,5.0,single,2.0,0,2,0,2.0,senior manager,22587.0,0
41.0,self enquiry,3,11.0,small business,male,4,5.0,standard,3.0,divorced,2.0,0,2,1,1.0,senior manager,29533.0,0
19.0,self enquiry,1,15.0,salaried,male,2,3.0,basic,5.0,single,2.0,0,3,0,1.0,executive,17552.0,0
45.0,self enquiry,3,8.0,large business,male,2,5.0,deluxe,3.0,single,1.0,0,5,0,0.0,manager,21632.0,0
42.0,self enquiry,1,29.0,salaried,female,2,3.0,super deluxe,3.0,single,3.0,0,3,0,0.0,avp,30992.0,0
37.0,company invited,1,10.0,large business,male,3,4.0,basic,4.0,married,3.0,0,3,0,2.0,executive,22370.0,0
44.0,company invited,1,23.0,salaried,male,3,5.0,basic,3.0,single,3.0,0,4,1,1.0,executive,17290.0,0
33.0,self enquiry,1,6.0,salaried,female,2,4.0,deluxe,3.0,single,1.0,0,4,0,0.0,manager,21949.0,0
50.0,self enquiry,1,15.0,salaried,female,3,4.0,standard,4.0,divorced,6.0,0,4,0,1.0,senior manager,26081.0,0
37.0,self enquiry,1,15.0,large business,female,3,4.0,standard,3.0,married,3.0,0,4,1,1.0,senior manager,28774.0,0
49.0,company invited,1,8.0,salaried,male,2,3.0,king,3.0,married,4.0,0,3,1,0.0,vp,34161.0,0
59.0,self enquiry,1,9.0,salaried,male,3,4.0,basic,3.0,divorced,4.0,0,3,0,1.0,executive,17177.0,0
36.0,self enquiry,3,17.0,small business,female,3,4.0,deluxe,3.0,married,5.0,0,1,1,1.0,manager,21652.0,0
33.0,self enquiry,3,15.0,small business,female,3,3.0,deluxe,5.0,single,1.0,1,3,0,1.0,manager,23224.0,1
41.0,company invited,1,16.0,small business,female,3,4.0,standard,3.0,single,2.0,0,4,0,1.0,senior manager,32177.0,0
39.0,self enquiry,1,16.0,small business,male,3,3.0,super deluxe,5.0,married,2.0,1,3,1,2.0,avp,32068.0,0
32.0,self enquiry,3,27.0,salaried,female,4,6.0,deluxe,3.0,divorced,5.0,1,3,1,1.0,manager,23237.0,1
43.0,self enquiry,1,14.0,small business,female,4,2.0,deluxe,4.0,divorced,8.0,1,1,0,1.0,manager,21050.0,0
29.0,self enquiry,3,16.0,salaried,male,2,3.0,basic,3.0,single,2.0,0,4,0,0.0,executive,17642.0,0
27.0,self enquiry,1,12.0,salaried,male,2,4.0,basic,3.0,married,2.0,0,1,1,1.0,executive,17539.0,0
55.0,self enquiry,3,24.0,salaried,female,2,3.0,super deluxe,4.0,single,4.0,0,2,0,1.0,avp,31835.0,0
30.0,company invited,1,15.0,small business,male,3,3.0,deluxe,5.0,married,2.0,0,2,0,1.0,manager,18072.0,0
33.0,self enquiry,3,14.0,small business,male,2,3.0,deluxe,3.0,married,1.0,0,1,0,0.0,manager,22104.0,0
40.0,self enquiry,1,13.0,small business,male,3,5.0,standard,5.0,married,6.0,0,4,1,1.0,senior manager,28669.0,0
34.0,self enquiry,1,9.0,small business,male,4,4.0,basic,3.0,single,6.0,0,3,1,3.0,executive,21174.0,0
49.0,self enquiry,1,11.0,salaried,male,3,4.0,standard,3.0,single,3.0,0,5,1,2.0,senior manager,26576.0,0
30.0,company invited,1,17.0,salaried,female,4,4.0,basic,4.0,married,2.0,0,5,1,1.0,executive,21969.0,0
32.0,company invited,3,11.0,salaried,male,2,3.0,deluxe,4.0,divorced,2.0,0,3,1,1.0,manager,21524.0,0
43.0,self enquiry,3,8.0,small business,male,3,3.0,deluxe,3.0,married,2.0,1,3,0,0.0,manager,22847.0,0
21.0,self enquiry,3,11.0,small business,male,2,3.0,basic,5.0,single,2.0,1,1,1,0.0,executive,17380.0,0
31.0,self enquiry,1,6.0,small business,male,2,3.0,basic,4.0,single,2.0,0,3,1,0.0,executive,17501.0,0
30.0,self enquiry,1,15.0,salaried,female,3,6.0,deluxe,5.0,married,5.0,0,1,0,1.0,manager,28393.0,0
24.0,self enquiry,3,9.0,large business,male,4,4.0,basic,5.0,married,5.0,0,3,1,2.0,executive,21000.0,0
34.0,self enquiry,3,15.0,salaried,female,3,3.0,deluxe,3.0,divorced,2.0,0,2,1,2.0,manager,20714.0,0
30.0,self enquiry,1,9.0,salaried,male,4,4.0,basic,4.0,married,2.0,0,4,1,1.0,executive,21381.0,0
38.0,self enquiry,1,16.0,small business,female,2,5.0,standard,3.0,married,4.0,0,1,1,1.0,senior manager,28206.0,0
46.0,self enquiry,2,31.0,small business,male,3,4.0,basic,4.0,single,3.0,0,4,0,2.0,executive,20855.0,0
56.0,self enquiry,1,13.0,large business,male,3,3.0,basic,3.0,married,1.0,0,4,1,2.0,executive,17339.0,1
44.0,company invited,1,16.0,salaried,male,3,4.0,basic,3.0,single,6.0,0,3,0,2.0,executive,21116.0,0
27.0,self enquiry,1,6.0,salaried,female,3,3.0,standard,5.0,married,2.0,0,4,0,2.0,senior manager,22412.0,0
51.0,company invited,3,7.0,salaried,male,3,4.0,deluxe,3.0,single,5.0,1,2,0,1.0,manager,23406.0,1
50.0,company invited,3,18.0,small business,female,3,3.0,standard,3.0,single,5.0,0,5,1,2.0,senior manager,24208.0,0
31.0,self enquiry,1,15.0,salaried,male,2,3.0,standard,4.0,married,2.0,0,3,0,0.0,senior manager,25648.0,0
40.0,self enquiry,3,6.0,small business,male,2,5.0,deluxe,3.0,married,3.0,1,3,1,0.0,manager,22457.0,0
25.0,self enquiry,1,24.0,salaried,male,4,5.0,basic,4.0,divorced,3.0,0,3,1,2.0,executive,20805.0,0
41.0,self enquiry,1,27.0,large business,male,4,4.0,standard,3.0,divorced,6.0,0,3,1,2.0,senior manager,29000.0,0
39.0,self enquiry,1,32.0,salaried,female,3,5.0,standard,4.0,married,5.0,0,3,0,2.0,senior manager,30739.0,0
27.0,self enquiry,1,23.0,salaried,female,2,3.0,basic,3.0,single,2.0,1,5,1,0.0,executive,17394.0,1
35.0,self enquiry,1,9.0,small business,female,3,5.0,basic,5.0,single,3.0,0,2,1,2.0,executive,23059.0,0
34.0,self enquiry,3,8.0,salaried,male,2,3.0,deluxe,3.0,single,2.0,0,5,0,0.0,manager,21274.0,0
38.0,self enquiry,3,9.0,small business,male,4,4.0,deluxe,3.0,divorced,6.0,1,3,0,2.0,manager,28280.0,0
29.0,company invited,1,31.0,large business,male,4,5.0,standard,5.0,single,3.0,0,2,0,1.0,senior manager,27400.0,1
27.0,self enquiry,1,12.0,small business,female,3,4.0,basic,3.0,married,1.0,0,2,1,1.0,executive,17187.0,0
27.0,self enquiry,3,8.0,small business,male,2,3.0,basic,5.0,married,1.0,0,5,1,1.0,executive,18041.0,1
41.0,self enquiry,1,14.0,salaried,male,4,4.0,basic,5.0,single,5.0,1,3,0,2.0,executive,20844.0,1
31.0,self enquiry,1,27.0,salaried,male,3,4.0,deluxe,5.0,divorced,2.0,0,4,1,1.0,manager,28635.0,0
37.0,self enquiry,1,9.0,salaried,female,4,4.0,basic,3.0,married,6.0,0,5,1,1.0,executive,21221.0,0
34.0,self enquiry,1,8.0,salaried,male,3,4.0,basic,3.0,married,4.0,0,5,1,2.0,executive,17768.0,0
21.0,self enquiry,1,7.0,salaried,female,3,5.0,basic,4.0,single,3.0,0,4,1,1.0,executive,21514.0,0
31.0,self enquiry,1,13.0,large business,female,3,5.0,deluxe,3.0,divorced,2.0,0,4,1,2.0,manager,23305.0,0
34.0,self enquiry,1,33.0,small business,female,3,3.0,basic,4.0,single,3.0,0,3,0,0.0,executive,17311.0,0
44.0,company invited,1,16.0,small business,male,4,4.0,deluxe,3.0,married,5.0,1,3,1,1.0,manager,24357.0,0
40.0,self enquiry,1,31.0,salaried,male,3,4.0,deluxe,3.0,single,2.0,0,4,1,1.0,manager,22786.0,0
32.0,company invited,1,14.0,salaried,female,3,5.0,standard,3.0,married,3.0,0,1,1,1.0,senior manager,27621.0,0
22.0,self enquiry,1,14.0,salaried,male,3,5.0,basic,5.0,married,2.0,0,1,0,1.0,executive,17451.0,0
26.0,self enquiry,2,27.0,small business,female,4,4.0,basic,4.0,married,2.0,1,3,0,2.0,executive,22347.0,1
58.0,self enquiry,3,36.0,small business,male,3,5.0,super deluxe,3.0,married,5.0,0,3,1,1.0,avp,32796.0,0
37.0,self enquiry,1,10.0,large business,male,2,4.0,deluxe,4.0,single,6.0,0,1,1,1.0,manager,23163.0,0
35.0,company invited,1,8.0,small business,male,2,3.0,deluxe,3.0,married,3.0,0,3,0,1.0,manager,20762.0,0
30.0,company invited,1,7.0,salaried,male,4,6.0,basic,3.0,married,3.0,0,1,0,3.0,executive,21398.0,0
39.0,self enquiry,1,16.0,salaried,female,4,4.0,basic,3.0,single,3.0,0,1,1,3.0,executive,20966.0,0
21.0,self enquiry,1,18.0,small business,female,4,5.0,basic,5.0,single,3.0,1,3,0,2.0,executive,21278.0,1
60.0,self enquiry,1,10.0,small business,female,3,3.0,basic,5.0,divorced,6.0,1,2,1,2.0,executive,21348.0,0
60.0,self enquiry,3,32.0,salaried,female,3,4.0,standard,5.0,single,2.0,0,3,1,1.0,senior manager,26315.0,0
25.0,self enquiry,3,14.0,salaried,female,2,3.0,deluxe,3.0,married,1.0,1,1,1,1.0,manager,19907.0,0
43.0,company invited,1,27.0,small business,male,3,3.0,basic,3.0,divorced,1.0,0,4,0,2.0,executive,17258.0,0
28.0,self enquiry,3,11.0,small business,male,3,3.0,deluxe,3.0,single,2.0,0,3,1,0.0,manager,19908.0,0
53.0,company invited,3,8.0,small business,female,2,4.0,standard,4.0,married,3.0,0,1,1,0.0,senior manager,22525.0,0
35.0,company invited,1,7.0,salaried,male,4,4.0,basic,5.0,married,7.0,0,1,1,3.0,executive,21674.0,0
26.0,self enquiry,3,11.0,small business,male,3,5.0,deluxe,5.0,divorced,3.0,0,3,1,2.0,manager,22934.0,0
21.0,self enquiry,3,28.0,small business,male,3,2.0,basic,3.0,single,3.0,0,3,1,2.0,executive,21356.0,0
31.0,self enquiry,3,19.0,large business,female,3,4.0,deluxe,3.0,single,2.0,0,2,1,1.0,manager,25255.0,0
45.0,self enquiry,1,14.0,small business,female,3,5.0,standard,3.0,married,5.0,0,4,0,1.0,senior manager,28926.0,0
31.0,self enquiry,1,14.0,salaried,male,3,4.0,deluxe,3.0,married,3.0,0,5,1,2.0,manager,22169.0,0
26.0,self enquiry,3,17.0,salaried,male,3,4.0,deluxe,3.0,single,2.0,0,1,1,1.0,manager,23628.0,0
29.0,self enquiry,1,9.0,salaried,male,4,5.0,basic,4.0,married,2.0,0,1,0,3.0,executive,21879.0,0
30.0,self enquiry,1,36.0,salaried,male,4,6.0,deluxe,3.0,married,2.0,0,5,1,3.0,manager,25062.0,0
38.0,company invited,1,9.0,salaried,male,4,5.0,deluxe,3.0,married,7.0,0,1,1,3.0,manager,23841.0,0
46.0,self enquiry,3,27.0,salaried,female,3,4.0,deluxe,3.0,single,2.0,0,1,1,1.0,manager,23528.0,0
42.0,self enquiry,3,20.0,small business,female,3,4.0,deluxe,3.0,single,1.0,0,3,0,0.0,manager,21244.0,0
29.0,self enquiry,3,9.0,small business,female,3,4.0,deluxe,4.0,married,3.0,1,3,1,2.0,manager,23457.0,0
29.0,self enquiry,3,6.0,small business,female,2,4.0,basic,3.0,married,7.0,1,2,0,1.0,executive,17800.0,1
34.0,self enquiry,1,22.0,small business,female,4,4.0,deluxe,3.0,married,2.0,1,1,1,2.0,manager,23556.0,0
35.0,self enquiry,3,9.0,small business,female,3,4.0,deluxe,5.0,single,2.0,1,3,1,1.0,manager,23216.0,0
54.0,company invited,1,7.0,salaried,female,2,3.0,standard,3.0,married,1.0,0,5,0,1.0,senior manager,25502.0,0
51.0,self enquiry,3,30.0,small business,female,2,4.0,deluxe,4.0,single,1.0,1,5,1,1.0,manager,17838.0,1
41.0,company invited,1,16.0,salaried,male,3,4.0,super deluxe,5.0,married,5.0,0,1,1,0.0,avp,32181.0,0
47.0,self enquiry,3,9.0,salaried,male,4,4.0,standard,3.0,married,6.0,1,3,0,3.0,senior manager,29046.0,0
33.0,self enquiry,1,31.0,small business,male,2,4.0,basic,4.0,single,5.0,1,4,0,0.0,executive,17313.0,1
30.0,self enquiry,1,8.0,small business,male,2,4.0,basic,3.0,single,1.0,0,4,0,0.0,executive,17720.0,0
31.0,company invited,1,16.0,small business,male,4,4.0,deluxe,5.0,married,3.0,0,2,0,2.0,manager,21750.0,0
32.0,company invited,3,9.0,salaried,female,3,5.0,basic,3.0,single,2.0,0,5,0,2.0,executive,21463.0,1
32.0,self enquiry,1,12.0,large business,male,3,4.0,basic,3.0,married,2.0,1,4,1,1.0,executive,23499.0,0
59.0,company invited,3,9.0,small business,male,3,4.0,super deluxe,4.0,married,6.0,0,4,1,1.0,avp,21383.0,0
30.0,self enquiry,1,15.0,small business,male,4,5.0,deluxe,3.0,married,3.0,1,3,1,2.0,manager,23734.0,0
40.0,company invited,1,6.0,salaried,male,3,4.0,super deluxe,4.0,married,2.0,0,1,1,1.0,avp,28503.0,0
45.0,self enquiry,1,7.0,small business,male,3,4.0,basic,3.0,single,8.0,1,4,0,2.0,executive,21114.0,0
44.0,company invited,1,34.0,salaried,female,3,4.0,standard,5.0,divorced,2.0,0,4,0,1.0,senior manager,29498.0,0
35.0,self enquiry,3,17.0,salaried,female,3,4.0,basic,3.0,divorced,3.0,1,2,0,2.0,executive,20898.0,0
39.0,self enquiry,1,9.0,small business,male,4,4.0,basic,3.0,married,8.0,1,4,0,3.0,executive,21735.0,0
26.0,self enquiry,1,29.0,salaried,female,2,3.0,basic,3.0,married,2.0,0,3,1,1.0,executive,17886.0,0
21.0,company invited,3,16.0,small business,female,3,4.0,basic,3.0,single,3.0,1,4,1,1.0,executive,21001.0,1
40.0,company invited,1,9.0,salaried,female,3,5.0,basic,5.0,single,4.0,1,3,0,1.0,executive,22324.0,1
37.0,self enquiry,3,22.0,small business,male,3,4.0,deluxe,3.0,married,5.0,0,5,1,2.0,manager,21334.0,0
30.0,self enquiry,1,34.0,small business,female,4,4.0,deluxe,3.0,divorced,6.0,0,2,1,1.0,manager,23013.0,0
37.0,self enquiry,3,7.0,salaried,male,3,4.0,deluxe,3.0,married,3.0,1,3,1,2.0,manager,24879.0,0
21.0,self enquiry,1,7.0,salaried,female,3,5.0,basic,4.0,single,3.0,0,4,0,2.0,executive,21514.0,0
41.0,self enquiry,3,12.0,salaried,female,3,3.0,standard,3.0,single,4.0,1,2,0,1.0,senior manager,28591.0,0
38.0,company invited,1,18.0,salaried,male,1,4.0,deluxe,5.0,married,3.0,0,5,1,0.0,manager,21288.0,0
30.0,self enquiry,3,8.0,large business,male,3,3.0,basic,4.0,married,2.0,0,3,1,0.0,executive,17476.0,0
23.0,self enquiry,1,12.0,salaried,male,3,2.0,basic,4.0,married,3.0,1,4,1,1.0,executive,21006.0,0
41.0,self enquiry,1,9.0,small business,female,4,5.0,deluxe,3.0,married,8.0,0,5,1,2.0,manager,22126.0,0
55.0,self enquiry,3,6.0,salaried,male,3,3.0,standard,3.0,divorced,4.0,0,2,0,1.0,senior manager,25239.0,0
39.0,company invited,1,15.0,salaried,male,3,3.0,deluxe,4.0,single,21.0,0,2,1,0.0,manager,21782.0,0
32.0,company invited,3,12.0,small business,female,3,4.0,basic,4.0,married,3.0,0,3,0,2.0,executive,21467.0,0
35.0,self enquiry,1,14.0,salaried,female,3,4.0,standard,4.0,single,2.0,0,5,0,1.0,senior manager,30672.0,0
38.0,self enquiry,3,13.0,small business,male,4,4.0,deluxe,3.0,married,6.0,0,3,1,1.0,manager,25180.0,0
35.0,company invited,1,9.0,salaried,male,4,4.0,deluxe,3.0,single,4.0,0,4,1,3.0,manager,22711.0,0
27.0,self enquiry,3,11.0,small business,male,3,5.0,deluxe,3.0,single,3.0,1,2,1,2.0,manager,24506.0,1
28.0,self enquiry,1,22.0,small business,male,3,2.0,deluxe,5.0,single,1.0,0,5,0,2.0,manager,20661.0,0
42.0,self enquiry,1,10.0,large business,male,2,3.0,king,3.0,divorced,2.0,0,2,0,1.0,vp,34232.0,0
54.0,self enquiry,2,25.0,small business,male,2,3.0,standard,4.0,married,3.0,0,3,1,1.0,senior manager,25725.0,0
39.0,self enquiry,1,9.0,salaried,male,3,4.0,basic,3.0,single,7.0,1,4,0,2.0,executive,22622.0,0
45.0,self enquiry,1,7.0,salaried,male,4,2.0,deluxe,5.0,married,4.0,0,3,1,3.0,manager,23711.0,0
36.0,self enquiry,1,18.0,small business,female,2,4.0,standard,3.0,single,1.0,0,2,1,0.0,senior manager,23858.0,0
46.0,company invited,3,16.0,salaried,female,4,5.0,deluxe,3.0,divorced,3.0,0,3,0,1.0,manager,24271.0,0
37.0,company invited,3,22.0,small business,male,3,6.0,deluxe,3.0,married,3.0,0,1,1,1.0,manager,24084.0,0
32.0,self enquiry,3,20.0,small business,male,3,4.0,deluxe,5.0,married,4.0,0,2,0,1.0,manager,22911.0,1
43.0,company invited,1,27.0,small business,male,3,3.0,basic,3.0,married,1.0,0,4,1,2.0,executive,17258.0,0
57.0,company invited,1,16.0,small business,female,4,4.0,basic,3.0,married,4.0,0,1,1,1.0,executive,21620.0,0
60.0,self enquiry,1,6.0,small business,male,3,5.0,standard,3.0,married,4.0,0,5,0,0.0,senior manager,25883.0,0
31.0,company invited,1,10.0,small business,female,4,4.0,basic,3.0,married,3.0,0,3,1,2.0,executive,20761.0,0
21.0,self enquiry,3,28.0,small business,male,3,2.0,basic,3.0,single,3.0,0,3,0,1.0,executive,21356.0,0
49.0,self enquiry,1,22.0,small business,female,3,3.0,basic,5.0,married,5.0,1,1,1,1.0,executive,17587.0,0
26.0,company invited,1,6.0,small business,female,3,4.0,basic,3.0,married,2.0,0,2,1,0.0,executive,17007.0,0
36.0,self enquiry,1,30.0,small business,female,2,4.0,basic,5.0,divorced,5.0,1,4,1,1.0,executive,22692.0,0
36.0,self enquiry,3,6.0,salaried,male,2,3.0,deluxe,3.0,divorced,2.0,1,3,1,1.0,manager,21201.0,0
41.0,self enquiry,1,9.0,small business,female,3,2.0,deluxe,3.0,married,7.0,0,3,1,1.0,manager,25055.0,0
57.0,self enquiry,1,15.0,salaried,female,4,4.0,basic,5.0,married,6.0,1,4,1,2.0,executive,22935.0,0
24.0,self enquiry,3,14.0,salaried,male,3,4.0,basic,3.0,married,3.0,1,1,1,1.0,executive,20953.0,1
27.0,self enquiry,1,9.0,small business,male,3,2.0,deluxe,3.0,married,3.0,0,3,1,2.0,manager,24150.0,0
27.0,self enquiry,1,23.0,small business,male,3,4.0,basic,4.0,married,4.0,1,1,1,1.0,executive,21051.0,1
29.0,self enquiry,1,7.0,salaried,male,3,4.0,basic,3.0,married,3.0,0,1,0,1.0,executive,20722.0,0
51.0,company invited,3,15.0,large business,male,3,4.0,deluxe,3.0,divorced,5.0,1,5,1,1.0,manager,25474.0,1
40.0,self enquiry,1,7.0,small business,female,4,4.0,basic,3.0,married,2.0,0,3,1,1.0,executive,20910.0,0
21.0,self enquiry,1,16.0,salaried,female,2,4.0,basic,5.0,single,2.0,0,3,1,0.0,executive,16416.0,1
58.0,self enquiry,1,8.0,large business,female,3,4.0,standard,3.0,married,1.0,0,5,0,0.0,senior manager,17372.0,1
48.0,self enquiry,3,21.0,small business,female,4,4.0,deluxe,3.0,divorced,5.0,1,5,1,1.0,manager,23269.0,0
53.0,self enquiry,1,13.0,large business,male,4,4.0,deluxe,5.0,married,5.0,1,4,1,3.0,manager,24255.0,0
30.0,self enquiry,3,7.0,small business,female,3,5.0,basic,3.0,married,8.0,1,1,1,2.0,executive,21478.0,1
41.0,self enquiry,1,15.0,small business,male,4,5.0,basic,3.0,single,3.0,1,4,1,3.0,executive,27772.0,1
24.0,self enquiry,1,11.0,small business,male,3,3.0,basic,5.0,divorced,4.0,0,4,0,2.0,executive,21497.0,0
32.0,self enquiry,1,8.0,small business,female,3,1.0,deluxe,3.0,single,1.0,0,3,0,0.0,manager,20055.0,0
37.0,self enquiry,3,9.0,salaried,female,3,4.0,deluxe,3.0,single,5.0,0,4,1,2.0,manager,23180.0,0
30.0,self enquiry,1,10.0,small business,male,4,5.0,standard,3.0,divorced,3.0,0,2,1,3.0,senior manager,30613.0,0
29.0,company invited,3,19.0,large business,female,2,3.0,deluxe,4.0,single,6.0,0,3,0,1.0,manager,20765.0,1
36.0,self enquiry,1,9.0,salaried,female,4,4.0,basic,5.0,married,3.0,1,1,1,2.0,executive,20752.0,1
20.0,self enquiry,3,28.0,salaried,male,3,5.0,basic,4.0,single,3.0,1,2,0,2.0,executive,20799.0,1
43.0,self enquiry,3,10.0,small business,female,2,4.0,standard,3.0,single,4.0,0,3,1,0.0,senior manager,25231.0,0
33.0,company invited,3,28.0,small business,male,3,3.0,deluxe,4.0,married,1.0,0,1,0,0.0,manager,21146.0,0
43.0,self enquiry,1,7.0,salaried,female,3,5.0,deluxe,3.0,divorced,2.0,1,3,0,2.0,manager,24740.0,0
50.0,self enquiry,3,9.0,small business,male,2,4.0,basic,3.0,married,2.0,1,4,1,1.0,executive,17683.0,1
34.0,self enquiry,1,13.0,small business,male,2,3.0,basic,3.0,single,2.0,0,1,0,1.0,executive,17972.0,0
32.0,self enquiry,3,14.0,large business,male,4,2.0,deluxe,3.0,married,6.0,0,1,1,2.0,manager,25607.0,0
38.0,self enquiry,1,23.0,salaried,female,3,4.0,standard,3.0,divorced,1.0,0,2,0,2.0,senior manager,23823.0,0
22.0,self enquiry,3,14.0,small business,male,3,4.0,basic,4.0,single,3.0,0,5,1,2.0,executive,21357.0,1
27.0,self enquiry,3,16.0,small business,female,3,4.0,deluxe,3.0,divorced,2.0,1,3,1,2.0,manager,20769.0,0
37.0,self enquiry,1,34.0,small business,male,4,4.0,deluxe,3.0,married,8.0,0,3,0,1.0,manager,23915.0,0
33.0,company invited,3,15.0,small business,female,3,4.0,standard,3.0,single,3.0,0,4,1,2.0,senior manager,27676.0,0
45.0,self enquiry,1,22.0,small business,female,4,4.0,standard,3.0,divorced,3.0,0,3,0,2.0,senior manager,26656.0,1
55.0,company invited,1,8.0,salaried,female,3,4.0,standard,3.0,married,2.0,0,5,0,2.0,senior manager,29180.0,0
38.0,company invited,1,8.0,small business,female,3,4.0,basic,4.0,married,5.0,0,3,0,0.0,executive,17468.0,0
49.0,company invited,1,24.0,salaried,male,3,3.0,deluxe,3.0,married,2.0,1,2,0,1.0,manager,21804.0,0
24.0,company invited,3,30.0,small business,male,2,3.0,basic,3.0,divorced,1.0,0,4,0,1.0,executive,17400.0,0
20.0,self enquiry,1,9.0,salaried,male,2,4.0,basic,3.0,single,2.0,0,3,0,1.0,executive,18033.0,0
45.0,self enquiry,1,26.0,small business,male,3,5.0,standard,5.0,married,3.0,1,3,0,0.0,senior manager,25851.0,0
49.0,self enquiry,1,13.0,salaried,male,2,4.0,standard,3.0,single,1.0,0,1,1,0.0,senior manager,25965.0,0
35.0,self enquiry,1,13.0,small business,male,3,4.0,basic,5.0,single,4.0,0,2,1,2.0,executive,21638.0,1
39.0,self enquiry,1,9.0,salaried,male,3,4.0,deluxe,3.0,married,2.0,0,1,1,2.0,manager,25231.0,0
38.0,self enquiry,1,32.0,small business,female,3,5.0,deluxe,3.0,married,2.0,0,3,1,1.0,manager,24409.0,0
29.0,company invited,1,8.0,salaried,male,2,3.0,deluxe,3.0,married,2.0,0,3,0,0.0,manager,23853.0,0
29.0,self enquiry,1,21.0,salaried,male,2,3.0,basic,3.0,single,2.0,0,3,1,1.0,executive,17340.0,0
42.0,self enquiry,3,10.0,salaried,male,3,5.0,deluxe,4.0,married,4.0,0,3,0,2.0,manager,27616.0,0
35.0,self enquiry,1,9.0,large business,female,4,4.0,deluxe,3.0,single,3.0,0,5,1,2.0,manager,25365.0,0
36.0,company invited,1,9.0,small business,male,1,3.0,basic,4.0,single,5.0,0,4,1,0.0,executive,17088.0,0
39.0,company invited,1,8.0,large business,female,3,3.0,standard,3.0,single,1.0,0,2,1,1.0,senior manager,25938.0,0
53.0,self enquiry,1,10.0,small business,male,3,5.0,standard,3.0,divorced,4.0,1,2,0,1.0,senior manager,26647.0,0
45.0,self enquiry,2,7.0,salaried,female,3,4.0,basic,3.0,married,6.0,1,3,1,1.0,executive,21873.0,0
30.0,self enquiry,3,16.0,small business,male,3,4.0,deluxe,3.0,divorced,2.0,0,2,1,0.0,manager,21578.0,0
23.0,self enquiry,1,15.0,salaried,male,4,6.0,basic,5.0,divorced,3.0,0,2,1,1.0,executive,21129.0,0
29.0,self enquiry,1,34.0,salaried,female,3,3.0,basic,3.0,married,5.0,0,5,1,0.0,executive,17514.0,0
28.0,self enquiry,1,9.0,small business,male,3,4.0,basic,4.0,divorced,2.0,0,5,1,1.0,executive,22146.0,0
33.0,self enquiry,1,12.0,salaried,male,3,5.0,deluxe,3.0,single,2.0,0,1,0,2.0,manager,28357.0,0
53.0,self enquiry,1,9.0,salaried,female,3,5.0,basic,3.0,single,2.0,0,3,1,1.0,executive,21890.0,0
28.0,self enquiry,1,13.0,salaried,male,3,3.0,basic,5.0,single,4.0,1,3,0,2.0,executive,21674.0,1
45.0,self enquiry,3,15.0,small business,male,3,3.0,standard,5.0,married,5.0,1,1,0,0.0,senior manager,25761.0,0
40.0,self enquiry,2,10.0,salaried,female,3,2.0,deluxe,4.0,married,2.0,0,1,0,1.0,manager,25067.0,0
47.0,self enquiry,3,10.0,large business,female,3,2.0,super deluxe,5.0,married,4.0,0,3,1,1.0,avp,31903.0,0
32.0,company invited,3,8.0,salaried,female,3,3.0,basic,5.0,married,2.0,0,3,1,0.0,executive,17827.0,0
39.0,self enquiry,1,32.0,salaried,female,3,5.0,standard,4.0,divorced,5.0,0,3,1,1.0,senior manager,30739.0,0
35.0,self enquiry,1,13.0,salaried,female,3,4.0,deluxe,3.0,single,3.0,0,3,1,1.0,manager,23487.0,0
31.0,company invited,3,10.0,small business,female,4,4.0,basic,3.0,single,3.0,1,5,1,2.0,executive,23305.0,1
35.0,company invited,1,10.0,salaried,male,2,4.0,basic,3.0,married,2.0,0,1,1,1.0,executive,17376.0,0
20.0,self enquiry,2,9.0,large business,male,3,5.0,basic,3.0,single,3.0,0,3,1,2.0,executive,21242.0,1
36.0,self enquiry,1,32.0,small business,female,3,4.0,standard,3.0,married,3.0,1,3,0,2.0,senior manager,29066.0,0
39.0,self enquiry,1,22.0,salaried,male,4,5.0,standard,3.0,married,2.0,1,5,1,3.0,senior manager,30188.0,0
37.0,self enquiry,1,21.0,salaried,male,4,4.0,deluxe,3.0,divorced,2.0,1,5,1,3.0,manager,25264.0,0
55.0,self enquiry,3,9.0,salaried,female,3,5.0,standard,3.0,married,8.0,0,5,1,2.0,senior manager,29364.0,0
43.0,self enquiry,1,19.0,small business,male,3,4.0,basic,4.0,married,2.0,0,1,1,2.0,executive,21444.0,0
25.0,self enquiry,3,24.0,salaried,male,3,1.0,deluxe,3.0,divorced,3.0,0,1,0,0.0,manager,21232.0,0
55.0,self enquiry,3,19.0,small business,male,2,1.0,super deluxe,3.0,single,7.0,1,3,1,1.0,avp,28695.0,1
36.0,company invited,1,11.0,salaried,male,3,4.0,deluxe,3.0,single,3.0,1,1,1,2.0,manager,22927.0,0
37.0,self enquiry,3,12.0,small business,male,3,3.0,deluxe,3.0,married,5.0,0,3,1,0.0,manager,21502.0,0
44.0,self enquiry,3,9.0,small business,male,4,4.0,deluxe,3.0,married,3.0,1,3,0,1.0,manager,26525.0,0
30.0,self enquiry,1,15.0,small business,male,4,5.0,deluxe,3.0,divorced,3.0,1,3,0,1.0,manager,23734.0,0
32.0,self enquiry,1,16.0,salaried,male,3,5.0,basic,4.0,single,2.0,1,3,1,1.0,executive,21335.0,0
53.0,self enquiry,3,12.0,small business,male,2,3.0,deluxe,3.0,married,3.0,1,5,0,1.0,manager,17306.0,0
29.0,self enquiry,1,31.0,salaried,male,3,5.0,basic,3.0,single,7.0,1,1,0,1.0,executive,20706.0,1
60.0,company invited,3,7.0,salaried,female,3,5.0,deluxe,3.0,single,2.0,0,5,1,2.0,manager,24151.0,0
21.0,self enquiry,1,11.0,large business,male,3,4.0,basic,5.0,single,3.0,0,3,1,2.0,executive,21651.0,1
54.0,self enquiry,3,31.0,salaried,male,4,4.0,standard,5.0,single,8.0,1,3,1,3.0,senior manager,29126.0,1
33.0,self enquiry,1,9.0,large business,male,4,4.0,basic,5.0,single,3.0,0,1,1,2.0,executive,21117.0,0
31.0,self enquiry,1,17.0,small business,female,4,4.0,standard,3.0,single,2.0,0,4,0,1.0,senior manager,28345.0,0
32.0,company invited,3,27.0,small business,female,3,4.0,deluxe,3.0,married,3.0,0,1,1,2.0,manager,25610.0,0
28.0,self enquiry,1,11.0,salaried,male,4,4.0,basic,3.0,married,3.0,0,4,1,2.0,executive,21195.0,0
55.0,self enquiry,1,8.0,salaried,female,3,3.0,super deluxe,3.0,single,3.0,1,5,0,1.0,avp,31659.0,0
34.0,self enquiry,3,8.0,salaried,male,2,3.0,deluxe,3.0,single,2.0,0,5,0,1.0,manager,21274.0,0
44.0,company invited,1,14.0,small business,male,3,2.0,basic,3.0,married,6.0,0,4,1,1.0,executive,20767.0,0
33.0,self enquiry,1,14.0,salaried,male,3,3.0,deluxe,3.0,single,3.0,1,3,0,2.0,manager,21388.0,0
44.0,self enquiry,1,9.0,salaried,male,2,3.0,king,3.0,married,5.0,1,1,0,1.0,vp,34513.0,0
29.0,self enquiry,1,34.0,salaried,female,3,3.0,basic,3.0,married,5.0,0,5,0,1.0,executive,17514.0,0
32.0,self enquiry,1,14.0,small business,female,3,1.0,deluxe,3.0,married,6.0,0,3,1,2.0,manager,20175.0,0
34.0,self enquiry,1,9.0,salaried,female,3,3.0,deluxe,4.0,married,2.0,0,5,1,2.0,manager,20433.0,0
32.0,self enquiry,3,12.0,salaried,female,4,4.0,deluxe,3.0,married,3.0,0,1,0,3.0,manager,24154.0,0
37.0,company invited,1,15.0,salaried,female,4,3.0,standard,5.0,divorced,2.0,0,3,0,1.0,senior manager,30391.0,0
43.0,company invited,1,26.0,small business,male,3,3.0,basic,3.0,married,8.0,1,3,1,2.0,executive,21437.0,1
37.0,self enquiry,1,16.0,small business,male,4,5.0,basic,3.0,divorced,2.0,1,2,0,2.0,executive,22066.0,1
39.0,self enquiry,2,8.0,salaried,female,2,4.0,deluxe,3.0,divorced,1.0,0,3,0,0.0,manager,20204.0,0
32.0,company invited,1,6.0,salaried,female,3,4.0,basic,4.0,married,7.0,0,3,0,2.0,executive,17332.0,0
19.0,self enquiry,2,8.0,large business,male,2,4.0,basic,3.0,single,2.0,0,3,0,0.0,executive,17564.0,1
24.0,self enquiry,2,28.0,salaried,male,2,5.0,basic,3.0,married,2.0,0,1,0,1.0,executive,16555.0,1
49.0,company invited,1,14.0,salaried,male,3,4.0,deluxe,4.0,divorced,2.0,0,3,1,2.0,manager,20130.0,0
26.0,self enquiry,1,27.0,small business,male,2,3.0,basic,3.0,married,2.0,0,5,1,1.0,executive,17377.0,1
27.0,company invited,1,18.0,small business,male,3,4.0,deluxe,5.0,divorced,3.0,1,3,1,2.0,manager,23419.0,0
46.0,self enquiry,1,8.0,large business,male,2,3.0,deluxe,3.0,married,3.0,0,1,0,0.0,manager,22379.0,0
47.0,company invited,1,35.0,salaried,male,2,3.0,standard,4.0,married,2.0,1,3,1,0.0,senior manager,26849.0,1
48.0,self enquiry,3,8.0,small business,male,2,1.0,deluxe,4.0,married,4.0,0,3,0,1.0,manager,23120.0,0
31.0,self enquiry,1,10.0,large business,female,3,4.0,basic,5.0,single,7.0,1,4,1,2.0,executive,21335.0,1
44.0,self enquiry,3,32.0,small business,male,4,5.0,standard,3.0,married,7.0,0,4,1,2.0,senior manager,29476.0,0
37.0,self enquiry,1,7.0,large business,female,4,6.0,standard,5.0,married,4.0,1,2,1,3.0,senior manager,28930.0,0
48.0,company invited,3,11.0,small business,male,4,4.0,deluxe,3.0,single,5.0,0,4,0,3.0,manager,21654.0,0
46.0,self enquiry,3,8.0,large business,female,3,5.0,super deluxe,4.0,married,4.0,1,5,1,0.0,avp,31872.0,0
53.0,self enquiry,1,29.0,salaried,female,3,3.0,super deluxe,3.0,single,7.0,0,5,1,1.0,avp,29275.0,0
29.0,company invited,1,7.0,small business,male,3,4.0,basic,3.0,single,2.0,1,4,0,1.0,executive,20832.0,0
41.0,self enquiry,1,7.0,salaried,male,3,4.0,basic,3.0,married,2.0,0,1,0,1.0,executive,21084.0,0
41.0,self enquiry,1,7.0,salaried,male,3,4.0,basic,4.0,divorced,5.0,0,1,1,2.0,executive,21065.0,0
28.0,company invited,2,29.0,salaried,female,3,5.0,basic,4.0,married,3.0,0,1,1,1.0,executive,21541.0,1
33.0,self enquiry,1,6.0,salaried,male,3,3.0,basic,3.0,single,2.0,1,3,1,0.0,executive,17686.0,1
29.0,company invited,3,11.0,small business,male,3,4.0,deluxe,3.0,married,3.0,0,1,0,1.0,manager,22899.0,0
25.0,self enquiry,3,25.0,small business,male,2,4.0,basic,4.0,married,2.0,1,1,0,1.0,executive,17413.0,1
26.0,self enquiry,2,26.0,small business,female,3,3.0,basic,4.0,married,1.0,1,3,0,1.0,executive,17148.0,1
22.0,self enquiry,1,17.0,salaried,female,3,5.0,basic,5.0,single,3.0,0,3,1,1.0,executive,20094.0,1
32.0,self enquiry,1,16.0,salaried,male,3,4.0,standard,4.0,married,3.0,0,3,1,2.0,senior manager,29326.0,0
28.0,self enquiry,1,13.0,small business,female,4,5.0,basic,3.0,married,2.0,0,2,1,2.0,executive,20865.0,0
28.0,self enquiry,3,11.0,small business,male,2,3.0,deluxe,5.0,single,1.0,0,1,1,0.0,manager,23463.0,0
49.0,self enquiry,1,27.0,small business,male,3,4.0,basic,3.0,divorced,6.0,0,2,0,1.0,executive,20937.0,0
41.0,self enquiry,1,9.0,salaried,female,3,4.0,basic,5.0,married,6.0,0,4,1,2.0,executive,22055.0,0
37.0,self enquiry,1,21.0,salaried,male,4,4.0,deluxe,3.0,married,2.0,1,5,1,1.0,manager,25264.0,0
49.0,self enquiry,1,14.0,salaried,female,2,3.0,standard,4.0,married,5.0,0,4,0,1.0,senior manager,22403.0,0
37.0,company invited,1,25.0,salaried,male,3,3.0,basic,3.0,divorced,6.0,0,5,0,1.0,executive,22366.0,0
53.0,self enquiry,1,13.0,large business,male,4,4.0,deluxe,5.0,married,5.0,1,4,1,2.0,manager,24255.0,0
37.0,self enquiry,1,11.0,salaried,male,3,5.0,deluxe,3.0,single,3.0,0,5,1,2.0,manager,24488.0,0
26.0,company invited,1,8.0,salaried,male,2,3.0,basic,5.0,married,7.0,1,5,0,0.0,executive,17042.0,1
57.0,self enquiry,1,30.0,salaried,male,2,2.0,standard,3.0,married,4.0,1,4,1,1.0,senior manager,24439.0,0
35.0,company invited,3,14.0,small business,female,3,4.0,standard,3.0,married,5.0,1,5,1,2.0,senior manager,25377.0,0
43.0,company invited,3,33.0,small business,female,4,4.0,super deluxe,4.0,married,7.0,0,3,1,2.0,avp,32203.0,0
32.0,company invited,1,7.0,salaried,female,4,2.0,standard,4.0,single,3.0,0,3,1,3.0,senior manager,26124.0,1
39.0,self enquiry,1,16.0,small business,male,2,3.0,super deluxe,5.0,divorced,2.0,1,3,1,1.0,avp,32068.0,0
27.0,self enquiry,1,22.0,large business,female,2,3.0,basic,4.0,married,1.0,0,1,1,0.0,executive,17811.0,0
41.0,self enquiry,3,14.0,small business,male,3,4.0,basic,4.0,single,3.0,0,5,0,1.0,executive,23339.0,1
56.0,self enquiry,1,15.0,small business,male,2,3.0,super deluxe,3.0,married,1.0,0,4,0,0.0,avp,26103.0,0
28.0,self enquiry,1,14.0,salaried,female,3,3.0,basic,3.0,single,2.0,0,4,0,1.0,executive,18310.0,0
36.0,company invited,3,17.0,large business,female,3,3.0,standard,3.0,divorced,1.0,0,5,0,0.0,senior manager,24738.0,0
23.0,self enquiry,1,22.0,small business,female,3,4.0,basic,3.0,single,3.0,0,2,1,2.0,executive,21549.0,0
30.0,self enquiry,2,15.0,salaried,male,2,3.0,deluxe,3.0,divorced,1.0,1,3,1,1.0,manager,21347.0,0
39.0,company invited,1,28.0,small business,female,2,3.0,standard,5.0,single,2.0,1,5,1,1.0,senior manager,25880.0,0
22.0,self enquiry,1,21.0,small business,female,2,3.0,basic,3.0,single,2.0,0,2,1,1.0,executive,17871.0,0
30.0,company invited,3,28.0,salaried,female,3,3.0,standard,5.0,married,1.0,0,1,1,1.0,senior manager,23412.0,0
27.0,self enquiry,1,20.0,salaried,male,2,3.0,basic,5.0,married,2.0,1,4,1,0.0,executive,17235.0,0
27.0,self enquiry,1,9.0,small business,male,2,4.0,basic,3.0,single,1.0,0,2,0,0.0,executive,17045.0,0
37.0,self enquiry,1,12.0,small business,male,2,1.0,deluxe,5.0,married,5.0,1,3,1,1.0,manager,20974.0,0
58.0,self enquiry,3,27.0,salaried,female,3,3.0,super deluxe,3.0,married,5.0,1,5,1,0.0,avp,32875.0,0
38.0,self enquiry,1,7.0,salaried,female,4,4.0,deluxe,4.0,married,8.0,0,1,1,3.0,manager,25125.0,0
45.0,self enquiry,1,11.0,small business,male,3,4.0,deluxe,4.0,single,2.0,0,2,1,1.0,manager,24611.0,0
43.0,company invited,1,12.0,salaried,male,4,4.0,basic,3.0,married,6.0,0,3,0,2.0,executive,20771.0,0
31.0,self enquiry,1,12.0,large business,female,3,4.0,basic,5.0,married,7.0,0,5,0,2.0,executive,21882.0,0
31.0,company invited,1,30.0,large business,female,1,3.0,deluxe,3.0,single,3.0,0,1,1,0.0,manager,20238.0,0
26.0,self enquiry,1,8.0,small business,male,2,1.0,deluxe,3.0,divorced,2.0,0,3,1,1.0,manager,20472.0,0
56.0,self enquiry,1,27.0,large business,male,3,4.0,deluxe,3.0,married,5.0,1,1,0,1.0,manager,24093.0,0
36.0,company invited,1,9.0,small business,female,3,4.0,deluxe,4.0,single,7.0,0,2,1,1.0,manager,23103.0,0
35.0,company invited,1,9.0,salaried,male,2,4.0,basic,3.0,divorced,2.0,0,2,1,1.0,executive,16281.0,0
41.0,self enquiry,1,15.0,salaried,male,3,3.0,basic,5.0,married,3.0,0,1,0,0.0,executive,17238.0,0
27.0,self enquiry,1,8.0,large business,male,2,3.0,basic,4.0,married,2.0,0,4,1,1.0,executive,17226.0,0
31.0,self enquiry,1,31.0,salaried,male,4,4.0,basic,3.0,married,3.0,0,2,0,2.0,executive,21371.0,0
37.0,self enquiry,1,9.0,salaried,female,3,4.0,deluxe,4.0,single,2.0,1,3,1,1.0,manager,24088.0,0
38.0,self enquiry,1,14.0,small business,male,4,4.0,deluxe,5.0,married,7.0,1,3,0,1.0,manager,22962.0,0
27.0,self enquiry,2,32.0,salaried,female,4,4.0,basic,3.0,divorced,3.0,0,4,1,1.0,executive,21620.0,0
50.0,self enquiry,1,7.0,large business,female,3,5.0,super deluxe,3.0,single,2.0,1,3,1,1.0,avp,32642.0,0
36.0,self enquiry,3,23.0,small business,male,2,4.0,deluxe,4.0,married,3.0,0,4,1,0.0,manager,20507.0,0
26.0,self enquiry,1,12.0,salaried,female,2,4.0,basic,4.0,married,2.0,0,3,1,1.0,executive,17368.0,0
34.0,company invited,1,7.0,salaried,female,3,2.0,deluxe,4.0,married,3.0,1,3,1,1.0,manager,24166.0,0
30.0,self enquiry,2,24.0,salaried,male,3,5.0,standard,5.0,single,3.0,0,3,0,1.0,senior manager,26666.0,0
37.0,self enquiry,2,12.0,salaried,male,3,3.0,basic,5.0,married,5.0,1,2,1,0.0,executive,17073.0,1
39.0,self enquiry,3,14.0,small business,female,3,2.0,deluxe,5.0,married,3.0,1,3,1,2.0,manager,24283.0,0
32.0,self enquiry,1,9.0,salaried,male,4,4.0,basic,3.0,married,3.0,0,5,0,3.0,executive,22155.0,0
43.0,self enquiry,3,15.0,small business,male,3,4.0,deluxe,4.0,married,2.0,0,3,1,1.0,manager,25503.0,0
33.0,self enquiry,1,16.0,small business,female,3,4.0,basic,5.0,single,2.0,0,4,1,1.0,executive,22878.0,1
34.0,self enquiry,1,7.0,salaried,female,3,5.0,deluxe,3.0,single,2.0,0,4,0,1.0,manager,25627.0,0
56.0,self enquiry,3,20.0,small business,male,3,2.0,super deluxe,3.0,single,8.0,1,3,1,2.0,avp,32373.0,1
46.0,company invited,3,32.0,salaried,male,3,4.0,deluxe,4.0,single,1.0,0,4,1,2.0,manager,22991.0,0
30.0,self enquiry,1,7.0,large business,male,3,4.0,basic,3.0,single,2.0,0,2,0,1.0,executive,20736.0,1
33.0,self enquiry,3,11.0,small business,male,3,6.0,standard,3.0,married,3.0,0,1,1,1.0,senior manager,29078.0,1
31.0,self enquiry,3,36.0,salaried,male,4,4.0,deluxe,5.0,married,2.0,0,1,1,1.0,manager,22793.0,0
28.0,self enquiry,3,9.0,small business,female,3,2.0,deluxe,3.0,single,2.0,0,1,0,2.0,manager,25178.0,0
40.0,self enquiry,1,6.0,salaried,male,2,3.0,basic,3.0,married,1.0,0,1,0,0.0,executive,17406.0,0
31.0,company invited,2,15.0,salaried,female,4,5.0,basic,3.0,married,8.0,0,5,1,3.0,executive,20858.0,1
36.0,self enquiry,1,34.0,small business,female,3,5.0,basic,5.0,single,3.0,0,4,0,2.0,executive,21237.0,0
59.0,self enquiry,2,12.0,small business,male,2,3.0,basic,3.0,married,1.0,0,4,0,0.0,executive,17267.0,0
35.0,self enquiry,1,7.0,salaried,male,3,4.0,basic,3.0,married,3.0,0,3,1,2.0,executive,21369.0,0
37.0,self enquiry,3,9.0,small business,male,4,5.0,standard,3.0,divorced,3.0,0,2,1,1.0,senior manager,26274.0,0
51.0,company invited,3,19.0,small business,female,4,4.0,standard,3.0,single,6.0,0,5,1,3.0,senior manager,27886.0,0
53.0,self enquiry,1,12.0,salaried,male,2,3.0,deluxe,3.0,single,3.0,0,5,1,1.0,manager,17450.0,0
46.0,self enquiry,1,14.0,salaried,male,3,4.0,standard,5.0,married,4.0,0,3,1,2.0,senior manager,28402.0,0
50.0,self enquiry,3,6.0,small business,female,3,3.0,king,3.0,married,4.0,0,1,1,0.0,vp,34517.0,0
31.0,self enquiry,1,35.0,small business,female,4,4.0,deluxe,3.0,divorced,3.0,0,3,0,3.0,manager,24453.0,0
36.0,company invited,1,9.0,salaried,female,4,4.0,deluxe,5.0,married,4.0,0,4,0,1.0,manager,23771.0,0
30.0,self enquiry,1,14.0,salaried,male,3,4.0,basic,5.0,single,5.0,0,4,0,1.0,executive,20740.0,0
20.0,self enquiry,1,16.0,small business,male,2,3.0,basic,3.0,single,2.0,1,5,1,1.0,executive,16009.0,1
43.0,company invited,1,23.0,large business,male,2,4.0,basic,3.0,married,1.0,1,5,1,1.0,executive,17437.0,1
37.0,company invited,1,11.0,salaried,female,4,4.0,deluxe,4.0,married,2.0,0,3,1,2.0,manager,23809.0,0
33.0,self enquiry,1,12.0,salaried,female,4,5.0,deluxe,4.0,married,5.0,0,3,1,1.0,manager,24556.0,0
35.0,self enquiry,1,27.0,large business,female,3,2.0,basic,3.0,divorced,2.0,0,1,1,1.0,executive,21263.0,0
31.0,self enquiry,1,32.0,salaried,male,2,3.0,basic,3.0,married,2.0,0,3,0,1.0,executive,17911.0,0
30.0,self enquiry,1,22.0,salaried,female,4,6.0,basic,3.0,married,2.0,1,5,1,2.0,executive,20846.0,0
38.0,self enquiry,3,13.0,small business,male,4,4.0,deluxe,3.0,divorced,6.0,0,3,0,1.0,manager,25180.0,0
56.0,self enquiry,1,11.0,salaried,male,2,4.0,deluxe,3.0,divorced,2.0,1,4,0,1.0,manager,22713.0,0
30.0,self enquiry,1,35.0,small business,female,4,5.0,basic,5.0,single,3.0,0,1,0,2.0,executive,22463.0,0
39.0,self enquiry,3,10.0,salaried,male,3,4.0,deluxe,3.0,single,2.0,1,3,1,2.0,manager,25539.0,0
30.0,self enquiry,3,16.0,small business,female,3,6.0,basic,4.0,single,3.0,0,1,1,2.0,executive,21438.0,1
29.0,self enquiry,1,29.0,salaried,male,2,3.0,basic,3.0,single,1.0,0,3,0,0.0,executive,17201.0,0
46.0,self enquiry,1,27.0,small business,female,3,3.0,deluxe,4.0,married,5.0,0,3,1,2.0,manager,23926.0,1
44.0,self enquiry,1,10.0,salaried,male,3,1.0,king,5.0,married,2.0,0,5,1,2.0,vp,34190.0,0
36.0,self enquiry,1,20.0,salaried,male,3,3.0,deluxe,3.0,divorced,1.0,1,5,1,2.0,manager,21586.0,0
32.0,self enquiry,1,35.0,salaried,female,2,4.0,basic,4.0,single,2.0,0,3,1,0.0,executive,17837.0,0
36.0,company invited,3,14.0,large business,male,2,3.0,deluxe,3.0,married,5.0,0,3,1,1.0,manager,20079.0,0
32.0,self enquiry,1,11.0,small business,female,4,2.0,basic,3.0,married,2.0,0,5,1,3.0,executive,22656.0,0
41.0,company invited,1,7.0,salaried,male,4,5.0,super deluxe,4.0,divorced,3.0,0,2,1,3.0,avp,32181.0,0
53.0,self enquiry,3,12.0,salaried,male,4,4.0,standard,4.0,single,2.0,1,4,1,2.0,senior manager,27124.0,1
35.0,self enquiry,3,8.0,small business,female,3,3.0,basic,3.0,divorced,2.0,0,2,1,0.0,executive,17014.0,0
44.0,self enquiry,2,6.0,small business,male,3,4.0,standard,5.0,divorced,1.0,0,4,1,0.0,senior manager,25482.0,1
37.0,self enquiry,1,9.0,salaried,male,2,3.0,standard,3.0,married,2.0,0,1,1,0.0,senior manager,24434.0,0
38.0,company invited,1,32.0,small business,female,4,4.0,deluxe,3.0,divorced,5.0,1,3,1,2.0,manager,23127.0,0
34.0,self enquiry,1,25.0,small business,male,3,3.0,basic,3.0,married,1.0,0,3,0,2.0,executive,17661.0,0
42.0,company invited,3,18.0,salaried,male,2,3.0,super deluxe,5.0,single,1.0,1,5,1,1.0,avp,28758.0,1
29.0,self enquiry,1,8.0,large business,male,4,5.0,basic,5.0,single,8.0,0,3,1,2.0,executive,20758.0,1
56.0,company invited,1,25.0,small business,male,4,4.0,deluxe,4.0,married,5.0,1,5,1,2.0,manager,25063.0,0
41.0,self enquiry,1,11.0,salaried,male,2,1.0,deluxe,4.0,single,4.0,0,5,1,0.0,manager,21870.0,0
44.0,company invited,1,23.0,salaried,male,3,5.0,basic,3.0,single,3.0,0,4,1,0.0,executive,17290.0,0
35.0,self enquiry,1,22.0,small business,male,2,2.0,basic,4.0,divorced,1.0,0,3,1,1.0,executive,17426.0,0
51.0,company invited,1,14.0,salaried,male,2,5.0,standard,3.0,single,3.0,0,2,0,1.0,senior manager,25650.0,1
45.0,self enquiry,1,26.0,small business,male,3,3.0,super deluxe,3.0,married,1.0,1,3,1,1.0,avp,28496.0,0
50.0,company invited,1,15.0,salaried,male,4,5.0,deluxe,4.0,divorced,3.0,0,3,1,3.0,manager,23808.0,0
31.0,self enquiry,1,15.0,salaried,male,2,4.0,basic,4.0,single,1.0,1,3,1,0.0,executive,17657.0,0
24.0,self enquiry,1,27.0,salaried,male,4,4.0,deluxe,3.0,single,2.0,0,4,1,3.0,manager,20950.0,0
28.0,self enquiry,1,11.0,salaried,male,3,2.0,deluxe,4.0,married,3.0,1,4,1,1.0,manager,24820.0,0
30.0,company invited,1,13.0,large business,male,3,3.0,basic,3.0,married,2.0,0,5,0,0.0,executive,16274.0,0
37.0,self enquiry,3,9.0,salaried,male,2,3.0,standard,3.0,single,3.0,0,3,0,1.0,senior manager,22428.0,0
51.0,self enquiry,1,14.0,salaried,male,2,4.0,standard,4.0,married,6.0,0,3,1,1.0,senior manager,27490.0,0
30.0,self enquiry,1,25.0,small business,male,3,5.0,basic,3.0,single,3.0,1,3,0,1.0,executive,21067.0,1
43.0,company invited,1,16.0,salaried,female,2,3.0,basic,3.0,single,1.0,0,5,0,0.0,executive,17455.0,0
28.0,company invited,1,6.0,salaried,female,2,5.0,deluxe,3.0,divorced,1.0,0,3,1,0.0,manager,21674.0,0
43.0,self enquiry,3,22.0,small business,female,3,3.0,super deluxe,3.0,married,6.0,1,3,0,0.0,avp,31064.0,0
32.0,self enquiry,1,31.0,salaried,male,2,3.0,basic,3.0,single,2.0,1,5,1,0.0,executive,17795.0,1
19.0,company invited,1,16.0,small business,female,3,4.0,basic,4.0,single,2.0,1,5,1,1.0,executive,16859.0,1
47.0,company invited,1,6.0,small business,female,3,3.0,standard,4.0,married,1.0,0,5,0,0.0,senior manager,26957.0,0
42.0,company invited,1,27.0,small business,female,2,3.0,deluxe,3.0,married,3.0,0,2,0,0.0,manager,20265.0,0
38.0,company invited,1,8.0,salaried,female,3,1.0,deluxe,5.0,single,7.0,1,2,1,2.0,manager,20980.0,0
34.0,self enquiry,1,15.0,small business,female,2,4.0,standard,4.0,single,2.0,0,1,1,0.0,senior manager,23621.0,0
25.0,self enquiry,1,7.0,small business,male,4,4.0,basic,3.0,divorced,4.0,1,3,1,3.0,executive,20971.0,1
36.0,self enquiry,1,13.0,salaried,male,3,6.0,deluxe,3.0,single,3.0,0,5,0,2.0,manager,25324.0,0
60.0,company invited,3,7.0,salaried,female,3,5.0,deluxe,3.0,single,2.0,0,5,1,1.0,manager,24151.0,0
35.0,self enquiry,1,13.0,salaried,male,2,3.0,standard,3.0,single,4.0,0,3,0,1.0,senior manager,25221.0,0
51.0,self enquiry,1,13.0,small business,male,2,4.0,deluxe,3.0,divorced,3.0,0,3,1,1.0,manager,21132.0,0
35.0,company invited,1,14.0,salaried,male,4,6.0,deluxe,3.0,single,3.0,1,5,1,2.0,manager,24752.0,1
32.0,company invited,1,10.0,small business,male,4,4.0,standard,3.0,married,2.0,0,4,1,3.0,senior manager,32353.0,0
29.0,self enquiry,1,9.0,salaried,male,4,4.0,basic,3.0,single,4.0,0,4,1,2.0,executive,22163.0,1
32.0,self enquiry,1,10.0,salaried,female,3,4.0,deluxe,3.0,divorced,2.0,0,4,1,0.0,manager,21162.0,0
51.0,self enquiry,3,27.0,small business,male,3,3.0,deluxe,3.0,single,1.0,1,5,1,1.0,manager,20441.0,0
29.0,self enquiry,3,6.0,small business,female,2,4.0,basic,3.0,married,7.0,1,1,1,1.0,executive,17800.0,1
50.0,company invited,3,6.0,salaried,female,3,3.0,deluxe,3.0,divorced,1.0,0,2,1,1.0,manager,21347.0,0
38.0,self enquiry,1,17.0,salaried,female,3,2.0,standard,3.0,married,3.0,1,1,0,2.0,senior manager,32422.0,0
45.0,company invited,3,7.0,small business,female,4,4.0,deluxe,3.0,divorced,2.0,0,4,1,2.0,manager,23446.0,0
37.0,self enquiry,1,9.0,salaried,female,4,4.0,deluxe,4.0,married,6.0,1,4,0,1.0,manager,25640.0,0
39.0,self enquiry,3,10.0,salaried,male,4,4.0,standard,3.0,married,2.0,0,2,1,2.0,senior manager,29287.0,0
43.0,company invited,1,28.0,small business,female,3,4.0,deluxe,3.0,married,4.0,0,2,0,1.0,manager,23943.0,0
27.0,self enquiry,3,35.0,small business,male,4,4.0,deluxe,4.0,married,3.0,0,3,0,1.0,manager,24950.0,0
58.0,self enquiry,3,16.0,small business,male,2,3.0,super deluxe,3.0,single,1.0,0,3,1,1.0,avp,28872.0,0
29.0,self enquiry,1,16.0,small business,female,4,4.0,basic,3.0,married,7.0,0,3,0,1.0,executive,21055.0,0
30.0,company invited,1,7.0,salaried,male,4,2.0,deluxe,3.0,single,2.0,1,3,0,2.0,manager,24972.0,0
33.0,self enquiry,1,15.0,small business,female,4,2.0,deluxe,3.0,married,7.0,0,3,1,3.0,manager,23853.0,0
29.0,self enquiry,1,22.0,salaried,male,3,4.0,basic,3.0,married,3.0,0,4,1,2.0,executive,20885.0,0
50.0,self enquiry,1,16.0,large business,male,3,4.0,standard,3.0,single,7.0,0,5,0,2.0,senior manager,25496.0,0
34.0,company invited,1,14.0,salaried,male,3,4.0,deluxe,3.0,married,3.0,0,5,1,2.0,manager,24646.0,0
59.0,self enquiry,3,6.0,large business,male,3,3.0,standard,3.0,divorced,4.0,1,2,0,1.0,senior manager,26904.0,0
50.0,self enquiry,3,15.0,large business,male,3,5.0,super deluxe,4.0,married,8.0,0,4,1,2.0,avp,31798.0,0
33.0,self enquiry,1,11.0,salaried,male,2,4.0,standard,3.0,married,5.0,0,3,1,1.0,senior manager,22119.0,0
33.0,company invited,1,31.0,salaried,male,4,4.0,deluxe,3.0,married,3.0,0,4,1,3.0,manager,23987.0,0
23.0,self enquiry,1,18.0,salaried,male,3,3.0,basic,3.0,single,2.0,0,5,1,0.0,executive,17647.0,0
30.0,company invited,1,11.0,small business,female,2,3.0,basic,4.0,single,1.0,0,3,0,0.0,executive,17422.0,1
42.0,self enquiry,1,8.0,small business,female,2,4.0,basic,5.0,married,1.0,1,4,1,1.0,executive,17593.0,0
42.0,company invited,3,17.0,small business,male,3,6.0,deluxe,4.0,single,3.0,0,1,1,1.0,manager,24829.0,0
36.0,self enquiry,1,23.0,small business,male,3,2.0,basic,4.0,married,2.0,0,4,1,2.0,executive,21104.0,0
28.0,self enquiry,1,25.0,small business,male,3,4.0,basic,5.0,divorced,2.0,0,3,1,2.0,executive,18196.0,0
33.0,company invited,1,31.0,salaried,male,4,4.0,deluxe,3.0,divorced,3.0,0,4,1,1.0,manager,23987.0,0
56.0,self enquiry,1,27.0,large business,male,3,4.0,deluxe,3.0,divorced,5.0,1,2,1,2.0,manager,24093.0,0
38.0,company invited,1,35.0,salaried,female,2,3.0,deluxe,3.0,single,2.0,0,3,1,0.0,manager,17406.0,0
29.0,self enquiry,1,15.0,salaried,female,4,4.0,basic,3.0,single,3.0,0,4,0,2.0,executive,21988.0,0
48.0,self enquiry,1,21.0,small business,female,3,3.0,standard,3.0,married,2.0,0,3,0,0.0,senior manager,33265.0,1
41.0,self enquiry,3,9.0,small business,female,4,4.0,deluxe,4.0,married,5.0,0,3,1,2.0,manager,24355.0,0
44.0,company invited,2,6.0,salaried,male,2,3.0,deluxe,3.0,married,5.0,1,5,1,1.0,manager,20743.0,0
39.0,self enquiry,3,10.0,salaried,female,2,4.0,deluxe,3.0,divorced,5.0,0,5,1,0.0,manager,20902.0,0
39.0,company invited,3,17.0,large business,female,3,4.0,deluxe,3.0,single,3.0,1,3,1,1.0,manager,24344.0,0
55.0,company invited,1,27.0,salaried,female,3,4.0,deluxe,3.0,single,5.0,0,4,1,1.0,manager,23547.0,0
27.0,self enquiry,1,11.0,large business,male,2,4.0,standard,3.0,married,2.0,1,3,0,0.0,senior manager,27808.0,0
32.0,self enquiry,3,6.0,small business,male,3,4.0,basic,4.0,married,1.0,0,1,0,2.0,executive,17269.0,0
31.0,company invited,3,26.0,salaried,male,3,1.0,basic,3.0,divorced,1.0,0,5,1,1.0,executive,17791.0,0
46.0,self enquiry,1,13.0,salaried,male,3,4.0,standard,5.0,divorced,6.0,1,3,0,1.0,senior manager,31923.0,0
20.0,self enquiry,1,17.0,small business,female,3,4.0,basic,5.0,single,2.0,1,3,0,1.0,executive,17600.0,1
29.0,self enquiry,1,12.0,small business,female,2,3.0,basic,3.0,married,2.0,0,3,0,1.0,executive,18131.0,0
38.0,self enquiry,1,7.0,salaried,female,3,5.0,deluxe,3.0,divorced,3.0,0,2,1,2.0,manager,25152.0,0
40.0,self enquiry,3,15.0,small business,male,2,3.0,deluxe,5.0,married,1.0,0,3,1,1.0,manager,20473.0,0
29.0,company invited,3,26.0,large business,female,2,3.0,basic,3.0,married,2.0,0,3,0,1.0,executive,17157.0,0
53.0,company invited,1,35.0,small business,female,3,2.0,super deluxe,3.0,divorced,4.0,1,4,0,1.0,avp,31925.0,0
31.0,self enquiry,1,23.0,salaried,male,3,4.0,basic,3.0,married,3.0,0,1,0,1.0,executive,21540.0,0
33.0,self enquiry,1,21.0,small business,male,2,3.0,standard,3.0,divorced,1.0,1,5,0,0.0,senior manager,28610.0,1
29.0,company invited,1,6.0,salaried,male,3,5.0,basic,3.0,married,2.0,0,1,0,2.0,executive,17720.0,0
46.0,company invited,1,30.0,salaried,male,3,4.0,deluxe,5.0,divorced,3.0,1,2,1,1.0,manager,22311.0,0
51.0,self enquiry,1,16.0,salaried,male,4,4.0,basic,3.0,divorced,6.0,0,5,1,1.0,executive,21058.0,0
30.0,self enquiry,3,17.0,small business,female,3,5.0,deluxe,4.0,married,3.0,1,5,1,1.0,manager,26946.0,0
28.0,self enquiry,1,15.0,small business,female,3,3.0,basic,3.0,married,6.0,0,3,0,0.0,executive,17377.0,0
30.0,self enquiry,1,26.0,large business,male,3,4.0,deluxe,3.0,married,6.0,0,5,1,1.0,manager,22940.0,0
37.0,self enquiry,1,13.0,salaried,female,3,3.0,deluxe,3.0,divorced,5.0,0,2,0,1.0,manager,21716.0,0
27.0,self enquiry,1,20.0,salaried,male,2,3.0,basic,5.0,divorced,2.0,1,4,1,0.0,executive,17235.0,0
27.0,self enquiry,1,9.0,small business,male,3,5.0,basic,3.0,single,2.0,0,3,0,1.0,executive,22582.0,0
40.0,company invited,3,11.0,salaried,male,2,4.0,standard,5.0,married,6.0,1,5,0,0.0,senior manager,25475.0,0
31.0,company invited,1,11.0,large business,male,3,4.0,basic,3.0,single,2.0,1,4,1,1.0,executive,20963.0,1
48.0,company invited,1,6.0,small business,male,2,1.0,super deluxe,3.0,single,3.0,0,2,0,0.0,avp,31885.0,0
59.0,company invited,3,6.0,salaried,female,2,4.0,deluxe,3.0,single,1.0,0,5,1,1.0,manager,20473.0,0
42.0,self enquiry,1,7.0,salaried,male,4,4.0,basic,3.0,married,5.0,0,1,0,1.0,executive,21460.0,0
34.0,company invited,1,8.0,salaried,male,2,4.0,deluxe,3.0,divorced,2.0,0,4,0,0.0,manager,24547.0,0
35.0,company invited,3,26.0,small business,male,4,3.0,deluxe,3.0,single,2.0,1,2,1,3.0,manager,23982.0,1
58.0,self enquiry,1,15.0,small business,female,3,4.0,basic,4.0,divorced,5.0,1,2,1,0.0,executive,18346.0,0
52.0,self enquiry,3,28.0,small business,male,4,4.0,deluxe,3.0,single,2.0,1,5,0,3.0,manager,24119.0,0
31.0,company invited,3,32.0,large business,female,3,4.0,deluxe,3.0,divorced,2.0,1,3,1,1.0,manager,23414.0,0
45.0,company invited,3,8.0,salaried,female,3,3.0,deluxe,3.0,married,5.0,0,1,1,2.0,manager,20154.0,0
39.0,self enquiry,3,11.0,large business,male,2,3.0,deluxe,3.0,divorced,4.0,0,2,0,1.0,manager,17086.0,1
26.0,self enquiry,1,12.0,salaried,female,3,3.0,basic,3.0,divorced,2.0,1,2,0,0.0,executive,17659.0,0
30.0,self enquiry,1,30.0,salaried,male,3,3.0,basic,3.0,married,2.0,0,3,1,2.0,executive,17693.0,0
35.0,company invited,1,29.0,salaried,male,3,5.0,deluxe,3.0,married,3.0,1,1,1,1.0,manager,24425.0,0
46.0,company invited,1,14.0,salaried,male,4,4.0,standard,5.0,married,3.0,0,2,1,3.0,senior manager,23888.0,0
36.0,company invited,3,9.0,small business,male,2,4.0,standard,3.0,divorced,5.0,0,2,0,1.0,senior manager,24699.0,0
26.0,self enquiry,1,6.0,small business,male,3,3.0,basic,5.0,single,1.0,0,5,1,2.0,executive,17867.0,0
35.0,self enquiry,1,15.0,small business,female,4,4.0,deluxe,3.0,single,5.0,0,4,0,2.0,manager,24820.0,0
31.0,self enquiry,3,14.0,small business,male,3,4.0,basic,4.0,single,2.0,0,2,1,1.0,executive,21661.0,0
50.0,self enquiry,3,15.0,large business,male,3,5.0,super deluxe,4.0,divorced,8.0,0,4,1,1.0,avp,31798.0,0
41.0,company invited,1,33.0,small business,female,3,4.0,deluxe,4.0,married,3.0,0,1,0,2.0,manager,24283.0,0
25.0,self enquiry,3,34.0,salaried,male,2,4.0,deluxe,3.0,married,3.0,0,4,1,1.0,manager,23639.0,0
36.0,self enquiry,1,33.0,small business,male,3,3.0,deluxe,3.0,divorced,7.0,0,3,1,0.0,manager,20237.0,0
39.0,self enquiry,1,7.0,salaried,female,3,4.0,basic,5.0,single,5.0,0,2,1,2.0,executive,21297.0,0
57.0,self enquiry,1,30.0,salaried,male,2,1.0,standard,3.0,married,4.0,1,4,1,0.0,senior manager,24439.0,0
44.0,company invited,1,17.0,salaried,female,3,4.0,basic,3.0,single,2.0,0,5,0,2.0,executive,21133.0,0
37.0,self enquiry,1,19.0,salaried,female,4,4.0,deluxe,3.0,married,2.0,1,1,0,3.0,manager,23341.0,0
50.0,company invited,3,6.0,salaried,male,3,3.0,deluxe,3.0,married,1.0,0,3,1,1.0,manager,21728.0,1
35.0,self enquiry,1,33.0,salaried,male,2,3.0,deluxe,3.0,married,3.0,0,5,0,1.0,manager,21883.0,0
42.0,self enquiry,1,13.0,small business,male,3,4.0,basic,5.0,single,4.0,1,4,1,1.0,executive,23399.0,0
34.0,company invited,1,13.0,salaried,male,3,5.0,deluxe,3.0,single,2.0,1,5,1,0.0,manager,21074.0,1
42.0,company invited,1,16.0,large business,male,2,3.0,basic,3.0,married,4.0,0,4,1,0.0,executive,17936.0,0
25.0,self enquiry,1,16.0,small business,male,4,2.0,basic,3.0,married,3.0,0,1,0,1.0,executive,23079.0,0
26.0,self enquiry,3,35.0,salaried,male,3,5.0,deluxe,3.0,divorced,4.0,0,4,0,1.0,manager,27317.0,0
43.0,company invited,1,9.0,salaried,male,3,4.0,standard,3.0,married,4.0,1,3,1,1.0,senior manager,28802.0,0
38.0,self enquiry,1,31.0,salaried,female,2,4.0,standard,4.0,divorced,4.0,0,3,1,0.0,senior manager,27061.0,0
32.0,self enquiry,1,15.0,salaried,female,4,4.0,deluxe,3.0,single,3.0,0,5,1,3.0,manager,23102.0,0
35.0,company invited,1,9.0,salaried,male,3,5.0,deluxe,3.0,married,3.0,0,4,0,2.0,manager,28225.0,0
35.0,self enquiry,3,23.0,salaried,male,3,3.0,deluxe,5.0,divorced,4.0,1,3,1,1.0,manager,23966.0,0
38.0,self enquiry,1,7.0,salaried,female,3,4.0,basic,3.0,single,3.0,0,2,1,2.0,executive,20793.0,0
42.0,self enquiry,1,15.0,small business,female,4,4.0,basic,5.0,married,3.0,1,3,0,3.0,executive,22781.0,1
37.0,self enquiry,1,20.0,salaried,female,3,3.0,basic,5.0,married,2.0,0,4,1,1.0,executive,18034.0,0
49.0,self enquiry,3,9.0,small business,male,3,3.0,deluxe,4.0,divorced,5.0,0,3,1,1.0,manager,26798.0,0
46.0,self enquiry,1,8.0,salaried,male,2,3.0,standard,3.0,married,4.0,0,1,1,1.0,senior manager,23578.0,0
47.0,self enquiry,3,8.0,salaried,female,3,4.0,basic,3.0,single,2.0,1,1,0,0.0,executive,18294.0,0
34.0,company invited,1,22.0,salaried,female,3,4.0,basic,3.0,single,2.0,0,5,1,2.0,executive,17553.0,0
38.0,company invited,1,9.0,salaried,male,2,3.0,basic,3.0,married,4.0,0,3,1,0.0,executive,17821.0,0
33.0,self enquiry,3,22.0,small business,female,3,3.0,deluxe,5.0,single,6.0,0,3,1,0.0,manager,20324.0,1
35.0,self enquiry,3,9.0,salaried,male,3,3.0,standard,3.0,married,7.0,0,5,0,2.0,senior manager,22823.0,0
58.0,self enquiry,1,13.0,small business,female,2,4.0,standard,5.0,divorced,1.0,1,4,1,0.0,senior manager,25008.0,1
38.0,self enquiry,1,35.0,small business,male,3,3.0,deluxe,5.0,divorced,1.0,1,3,0,1.0,manager,21673.0,1
22.0,self enquiry,1,12.0,small business,male,4,4.0,basic,3.0,single,3.0,0,1,1,2.0,executive,21795.0,0
36.0,self enquiry,1,30.0,small business,male,4,6.0,basic,3.0,married,2.0,0,1,1,1.0,executive,21383.0,0
35.0,self enquiry,3,6.0,small business,male,3,3.0,standard,4.0,married,2.0,0,4,0,0.0,senior manager,22295.0,0
31.0,self enquiry,1,6.0,small business,male,2,3.0,basic,4.0,single,2.0,0,3,0,0.0,executive,17501.0,0
31.0,self enquiry,3,17.0,small business,male,4,5.0,deluxe,3.0,married,3.0,0,1,0,2.0,manager,25256.0,0
35.0,self enquiry,3,21.0,large business,female,3,4.0,basic,3.0,married,3.0,1,5,1,1.0,executive,21257.0,0
31.0,company invited,1,7.0,small business,female,3,4.0,deluxe,3.0,single,3.0,0,3,1,1.0,manager,22689.0,0
55.0,self enquiry,1,9.0,large business,female,3,4.0,standard,3.0,divorced,2.0,0,4,1,1.0,senior manager,32227.0,0
36.0,self enquiry,3,25.0,small business,female,3,4.0,deluxe,3.0,divorced,3.0,0,4,1,1.0,manager,23279.0,0
24.0,company invited,3,30.0,small business,male,2,3.0,basic,3.0,married,1.0,0,4,1,1.0,executive,17400.0,0
40.0,company invited,1,22.0,small business,male,2,4.0,deluxe,3.0,single,7.0,0,5,1,1.0,manager,20094.0,0
54.0,self enquiry,3,14.0,small business,female,4,5.0,standard,3.0,divorced,2.0,1,2,0,1.0,senior manager,29612.0,0
39.0,self enquiry,3,8.0,salaried,male,2,1.0,standard,3.0,single,1.0,0,1,0,0.0,senior manager,22880.0,0
36.0,company invited,1,9.0,salaried,female,4,4.0,deluxe,5.0,married,4.0,0,4,1,3.0,manager,23771.0,0
39.0,self enquiry,1,7.0,salaried,female,3,2.0,deluxe,3.0,single,2.0,0,1,0,1.0,manager,26303.0,0
38.0,company invited,1,8.0,salaried,male,2,3.0,basic,3.0,married,2.0,1,5,1,0.0,executive,16702.0,0
41.0,self enquiry,1,9.0,small business,female,4,4.0,basic,3.0,married,4.0,0,1,1,2.0,executive,20679.0,0
42.0,self enquiry,2,8.0,large business,male,2,3.0,basic,3.0,married,1.0,1,4,1,0.0,executive,17696.0,0
38.0,company invited,3,16.0,small business,male,4,4.0,standard,4.0,married,3.0,0,1,1,3.0,senior manager,27512.0,0
34.0,self enquiry,3,16.0,small business,female,4,4.0,deluxe,5.0,single,2.0,1,3,0,2.0,manager,26902.0,1
51.0,self enquiry,1,7.0,small business,male,3,5.0,basic,3.0,married,4.0,0,3,1,1.0,executive,22368.0,0
28.0,self enquiry,3,18.0,small business,female,4,2.0,basic,3.0,divorced,2.0,0,3,1,2.0,executive,21212.0,0
44.0,company invited,1,8.0,small business,male,2,3.0,standard,3.0,single,6.0,1,1,0,1.0,senior manager,25209.0,0
47.0,self enquiry,2,12.0,small business,male,4,4.0,deluxe,4.0,married,2.0,1,5,0,2.0,manager,23699.0,0
24.0,self enquiry,1,11.0,small business,male,3,2.0,basic,5.0,married,4.0,0,4,0,2.0,executive,21497.0,0
32.0,self enquiry,1,14.0,salaried,male,3,4.0,deluxe,3.0,married,5.0,0,3,0,2.0,manager,24593.0,0
35.0,company invited,1,16.0,salaried,male,4,4.0,deluxe,5.0,married,6.0,0,3,0,2.0,manager,24024.0,1
36.0,self enquiry,1,8.0,small business,male,3,3.0,basic,3.0,single,5.0,0,5,1,0.0,executive,17519.0,0
53.0,company invited,1,26.0,small business,male,3,4.0,basic,3.0,married,2.0,0,3,1,1.0,executive,22936.0,0
21.0,self enquiry,1,9.0,small business,male,3,4.0,basic,3.0,single,2.0,0,5,1,1.0,executive,18230.0,0
35.0,self enquiry,3,22.0,small business,male,3,3.0,standard,4.0,divorced,1.0,0,2,1,2.0,senior manager,23020.0,0
36.0,company invited,1,7.0,small business,male,4,4.0,basic,5.0,divorced,6.0,0,2,0,2.0,executive,20872.0,0
31.0,self enquiry,3,12.0,salaried,male,3,5.0,deluxe,3.0,divorced,5.0,1,3,1,1.0,manager,21172.0,1
30.0,company invited,1,31.0,salaried,male,4,5.0,basic,3.0,single,3.0,1,3,1,3.0,executive,21117.0,1
50.0,company invited,1,8.0,salaried,male,3,3.0,super deluxe,5.0,married,2.0,0,5,1,2.0,avp,32924.0,0
30.0,company invited,1,9.0,salaried,female,4,4.0,basic,4.0,divorced,2.0,0,5,0,3.0,executive,21858.0,0
28.0,self enquiry,1,16.0,small business,female,3,4.0,basic,4.0,single,3.0,0,3,1,1.0,executive,20957.0,0
32.0,self enquiry,2,9.0,salaried,male,4,5.0,deluxe,5.0,divorced,5.0,0,3,0,2.0,manager,25088.0,0
34.0,self enquiry,1,12.0,salaried,male,3,5.0,standard,3.0,married,6.0,0,3,0,1.0,senior manager,25797.0,0
39.0,self enquiry,3,9.0,small business,female,2,3.0,deluxe,3.0,divorced,5.0,1,4,1,1.0,manager,20238.0,1
43.0,self enquiry,1,13.0,small business,male,3,4.0,standard,5.0,married,2.0,0,3,1,1.0,senior manager,32026.0,0
40.0,company invited,1,15.0,salaried,female,3,4.0,basic,3.0,divorced,3.0,0,2,0,1.0,executive,22433.0,0
43.0,self enquiry,1,24.0,salaried,female,3,3.0,deluxe,5.0,single,5.0,1,2,0,1.0,manager,25223.0,0
47.0,self enquiry,1,9.0,salaried,male,3,4.0,standard,3.0,married,5.0,0,1,1,2.0,senior manager,27256.0,0
30.0,company invited,1,21.0,salaried,female,3,4.0,standard,3.0,single,2.0,1,5,1,1.0,senior manager,26231.0,1
33.0,company invited,1,20.0,salaried,female,4,5.0,basic,4.0,divorced,3.0,0,5,0,1.0,executive,21421.0,0
29.0,company invited,3,7.0,large business,male,4,4.0,basic,3.0,divorced,5.0,0,3,1,1.0,executive,21587.0,1
48.0,company invited,1,28.0,small business,female,2,3.0,super deluxe,3.0,married,4.0,0,5,0,0.0,avp,32174.0,0
30.0,company invited,2,14.0,salaried,female,3,4.0,basic,3.0,married,7.0,0,5,1,2.0,executive,17180.0,1
39.0,self enquiry,1,6.0,small business,female,3,3.0,basic,3.0,married,1.0,0,3,1,0.0,executive,17232.0,0
31.0,self enquiry,1,6.0,salaried,male,3,4.0,basic,5.0,married,2.0,0,4,1,1.0,executive,17218.0,0
38.0,self enquiry,1,6.0,salaried,female,2,3.0,basic,5.0,single,4.0,0,1,0,1.0,executive,17619.0,0
59.0,company invited,1,9.0,salaried,male,3,5.0,basic,3.0,married,2.0,1,1,1,1.0,executive,21058.0,1
23.0,company invited,1,10.0,salaried,male,3,5.0,basic,3.0,married,2.0,1,3,0,2.0,executive,21531.0,1
34.0,self enquiry,2,10.0,salaried,male,3,4.0,basic,4.0,married,5.0,1,5,0,2.0,executive,20955.0,0
27.0,self enquiry,3,17.0,small business,male,3,4.0,deluxe,3.0,single,3.0,0,1,0,1.0,manager,23362.0,0
29.0,self enquiry,2,15.0,small business,male,4,5.0,basic,3.0,married,3.0,0,1,1,1.0,executive,23614.0,0
40.0,self enquiry,3,16.0,small business,male,3,4.0,standard,4.0,married,3.0,0,4,0,0.0,senior manager,24705.0,0
31.0,self enquiry,1,29.0,salaried,female,3,4.0,basic,3.0,divorced,6.0,1,2,0,2.0,executive,20810.0,1
55.0,company invited,3,8.0,salaried,female,2,4.0,basic,3.0,single,1.0,0,5,0,0.0,executive,28577.0,1
55.0,company invited,1,24.0,small business,male,3,3.0,deluxe,4.0,divorced,4.0,1,5,1,2.0,manager,21385.0,0
32.0,self enquiry,1,30.0,small business,male,4,5.0,deluxe,3.0,married,2.0,0,3,0,2.0,manager,24260.0,0
36.0,self enquiry,1,9.0,salaried,male,3,1.0,deluxe,5.0,married,7.0,0,1,1,2.0,manager,21842.0,0
41.0,self enquiry,1,9.0,salaried,male,3,5.0,basic,3.0,single,4.0,0,5,0,2.0,executive,21487.0,0
29.0,company invited,1,30.0,salaried,male,3,4.0,basic,3.0,single,2.0,1,3,1,2.0,executive,17439.0,1
31.0,company invited,3,6.0,salaried,female,2,5.0,basic,3.0,single,2.0,0,3,1,1.0,executive,16359.0,1
39.0,self enquiry,1,16.0,salaried,female,4,4.0,basic,3.0,single,3.0,0,2,1,2.0,executive,20966.0,0
28.0,company invited,3,6.0,salaried,male,2,4.0,deluxe,3.0,married,2.0,1,1,0,0.0,manager,21834.0,0
32.0,self enquiry,3,14.0,large business,male,4,3.0,deluxe,3.0,divorced,6.0,0,2,1,1.0,manager,25607.0,0
24.0,company invited,1,10.0,salaried,male,2,4.0,basic,3.0,married,1.0,0,3,0,1.0,executive,18162.0,0
28.0,self enquiry,1,16.0,small business,female,5,4.0,basic,4.0,single,3.0,0,3,0,2.0,executive,20957.0,0
43.0,self enquiry,1,9.0,small business,female,3,5.0,basic,5.0,married,2.0,1,4,1,2.0,executive,21271.0,0
30.0,company invited,3,27.0,large business,female,3,4.0,basic,3.0,divorced,3.0,0,3,0,2.0,executive,20835.0,0
26.0,self enquiry,1,10.0,small business,male,4,4.0,basic,5.0,married,7.0,0,5,1,2.0,executive,22709.0,1
22.0,self enquiry,1,25.0,salaried,female,4,4.0,basic,3.0,single,3.0,0,3,1,2.0,executive,21371.0,1
51.0,company invited,1,12.0,small business,female,2,4.0,basic,3.0,single,1.0,0,5,1,1.0,executive,17838.0,0
55.0,company invited,1,7.0,salaried,female,3,4.0,standard,3.0,married,2.0,0,5,1,2.0,senior manager,29180.0,0
42.0,self enquiry,1,6.0,salaried,female,3,3.0,basic,5.0,married,4.0,0,3,1,1.0,executive,17576.0,0
35.0,company invited,1,17.0,small business,male,3,4.0,standard,5.0,divorced,3.0,1,5,1,1.0,senior manager,24884.0,0
45.0,company invited,1,13.0,salaried,male,3,3.0,standard,5.0,married,2.0,0,1,1,0.0,senior manager,20210.0,0
51.0,company invited,1,14.0,salaried,male,2,5.0,standard,3.0,single,3.0,0,1,1,0.0,senior manager,25650.0,1
46.0,self enquiry,3,9.0,large business,female,2,1.0,super deluxe,5.0,married,3.0,0,3,1,0.0,avp,28225.0,0
23.0,self enquiry,1,15.0,small business,male,2,3.0,basic,5.0,married,2.0,0,3,1,0.0,executive,17500.0,0
33.0,company invited,3,23.0,salaried,male,2,3.0,super deluxe,3.0,single,2.0,0,3,1,1.0,avp,32444.0,0
24.0,company invited,1,15.0,small business,male,2,3.0,basic,5.0,single,3.0,1,3,0,1.0,executive,18172.0,1
24.0,company invited,3,16.0,small business,male,3,4.0,basic,5.0,married,3.0,0,5,1,1.0,executive,20468.0,1
23.0,company invited,3,7.0,salaried,female,2,3.0,basic,4.0,single,2.0,1,5,1,1.0,executive,16223.0,1
47.0,self enquiry,3,9.0,large business,female,4,6.0,super deluxe,4.0,married,5.0,1,5,1,1.0,avp,35550.0,0
35.0,self enquiry,1,6.0,salaried,female,2,1.0,basic,3.0,single,4.0,0,3,0,0.0,executive,17506.0,0
38.0,self enquiry,1,11.0,salaried,male,3,4.0,basic,3.0,divorced,2.0,1,5,1,2.0,executive,21674.0,0
27.0,company invited,1,15.0,small business,male,2,3.0,basic,4.0,married,7.0,0,3,0,0.0,executive,17024.0,0
52.0,self enquiry,3,11.0,salaried,male,3,3.0,standard,4.0,single,1.0,1,4,1,1.0,senior manager,23446.0,1
55.0,self enquiry,1,26.0,large business,male,2,3.0,deluxe,3.0,divorced,4.0,1,2,1,1.0,manager,20415.0,0
29.0,self enquiry,1,6.0,salaried,female,2,4.0,basic,5.0,divorced,2.0,1,2,0,0.0,executive,17319.0,1
34.0,company invited,1,9.0,salaried,male,2,3.0,deluxe,3.0,single,1.0,0,2,1,0.0,manager,22756.0,0
19.0,self enquiry,1,8.0,salaried,male,2,4.0,basic,3.0,single,2.0,0,5,0,0.0,executive,16102.0,1
33.0,self enquiry,1,7.0,salaried,male,4,5.0,basic,3.0,single,2.0,1,5,0,3.0,executive,22408.0,1
23.0,self enquiry,1,26.0,salaried,male,3,3.0,deluxe,3.0,single,1.0,0,4,1,2.0,manager,17272.0,0
45.0,company invited,1,31.0,salaried,male,3,4.0,basic,3.0,married,5.0,1,5,0,2.0,executive,21839.0,1
37.0,self enquiry,1,12.0,small business,male,2,2.0,deluxe,5.0,married,5.0,1,3,1,1.0,manager,20974.0,0
50.0,self enquiry,1,14.0,salaried,male,3,5.0,standard,3.0,single,2.0,0,1,1,1.0,senior manager,29643.0,0
45.0,self enquiry,1,14.0,small business,female,3,5.0,standard,3.0,divorced,5.0,0,4,1,1.0,senior manager,28926.0,0
27.0,company invited,2,24.0,salaried,female,3,4.0,basic,3.0,married,2.0,1,5,0,2.0,executive,21419.0,1
42.0,self enquiry,1,18.0,small business,male,2,3.0,basic,4.0,married,1.0,0,1,1,1.0,executive,17766.0,0
29.0,self enquiry,3,33.0,small business,female,2,3.0,standard,3.0,married,2.0,0,3,0,0.0,senior manager,22639.0,1
40.0,self enquiry,3,10.0,small business,female,3,4.0,deluxe,3.0,divorced,6.0,1,4,1,2.0,manager,23916.0,1
38.0,self enquiry,1,17.0,small business,male,3,4.0,deluxe,5.0,single,3.0,0,4,0,1.0,manager,22891.0,1
21.0,self enquiry,3,13.0,small business,male,2,3.0,basic,4.0,single,2.0,0,5,1,1.0,executive,17679.0,1
33.0,self enquiry,1,12.0,salaried,male,4,2.0,basic,4.0,married,2.0,1,1,1,3.0,executive,21976.0,0
33.0,self enquiry,3,15.0,small business,female,3,3.0,deluxe,5.0,single,1.0,1,3,0,0.0,manager,23224.0,1
34.0,self enquiry,1,14.0,small business,female,3,3.0,deluxe,3.0,single,4.0,0,4,0,1.0,manager,21142.0,0
40.0,self enquiry,1,20.0,small business,male,2,4.0,king,3.0,single,2.0,0,3,1,1.0,vp,34626.0,0
52.0,self enquiry,1,12.0,large business,male,3,3.0,deluxe,5.0,married,4.0,1,4,1,1.0,manager,20577.0,0
36.0,company invited,1,30.0,salaried,female,2,3.0,deluxe,4.0,divorced,1.0,0,3,0,0.0,manager,20674.0,0
35.0,company invited,1,17.0,small business,male,3,4.0,basic,3.0,married,3.0,1,3,1,1.0,executive,22493.0,0
43.0,self enquiry,3,11.0,small business,male,3,4.0,deluxe,5.0,single,2.0,0,5,1,1.0,manager,23833.0,0
24.0,company invited,1,15.0,salaried,male,2,4.0,basic,4.0,married,2.0,0,5,0,1.0,executive,17694.0,0
54.0,self enquiry,1,31.0,small business,male,3,2.0,standard,3.0,married,5.0,0,3,0,2.0,senior manager,25683.0,0
42.0,self enquiry,1,30.0,small business,male,2,3.0,standard,5.0,married,2.0,1,1,1,0.0,senior manager,22406.0,0
46.0,self enquiry,1,21.0,salaried,male,2,3.0,king,4.0,divorced,6.0,0,3,1,1.0,vp,34081.0,0
35.0,self enquiry,3,10.0,salaried,male,3,6.0,deluxe,5.0,single,5.0,0,5,1,2.0,manager,23437.0,0
32.0,company invited,1,22.0,small business,male,4,4.0,basic,3.0,divorced,3.0,0,4,1,3.0,executive,21288.0,1
19.0,self enquiry,3,28.0,small business,male,2,3.0,basic,3.0,single,2.0,1,2,0,1.0,executive,16675.0,1
38.0,self enquiry,3,7.0,salaried,male,3,5.0,standard,3.0,married,7.0,0,1,1,2.0,senior manager,29287.0,1
40.0,self enquiry,1,13.0,small business,male,4,4.0,basic,5.0,married,2.0,1,1,1,2.0,executive,21082.0,1
56.0,company invited,3,9.0,salaried,female,3,5.0,basic,3.0,single,2.0,0,5,0,1.0,executive,32255.0,1
35.0,self enquiry,1,34.0,small business,female,4,4.0,basic,4.0,single,4.0,0,3,0,1.0,executive,20989.0,0
40.0,self enquiry,1,7.0,salaried,female,4,5.0,super deluxe,3.0,divorced,3.0,0,3,0,2.0,avp,31420.0,0
40.0,self enquiry,2,12.0,small business,male,2,3.0,super deluxe,3.0,single,2.0,1,3,1,1.0,avp,31437.0,0
33.0,self enquiry,3,15.0,small business,male,3,2.0,deluxe,3.0,divorced,3.0,0,5,0,1.0,manager,24887.0,0
29.0,self enquiry,3,16.0,salaried,male,3,3.0,basic,3.0,single,2.0,0,4,1,0.0,executive,17642.0,0
58.0,self enquiry,1,29.0,salaried,male,2,3.0,basic,3.0,married,2.0,0,3,1,1.0,executive,17372.0,0
22.0,self enquiry,1,17.0,salaried,female,3,5.0,basic,5.0,single,3.0,0,3,0,2.0,executive,20094.0,1
32.0,company invited,1,36.0,small business,male,4,5.0,basic,4.0,single,2.0,0,3,1,3.0,executive,22157.0,1
45.0,self enquiry,1,31.0,salaried,female,3,4.0,deluxe,3.0,married,1.0,0,4,0,0.0,manager,20906.0,0
59.0,company invited,1,9.0,salaried,male,3,5.0,basic,3.0,married,2.0,1,2,0,1.0,executive,21058.0,1
32.0,self enquiry,1,14.0,salaried,male,3,4.0,deluxe,3.0,married,5.0,0,3,1,1.0,manager,24593.0,0
33.0,company invited,3,9.0,salaried,female,4,4.0,basic,5.0,married,3.0,0,3,0,2.0,executive,21505.0,0
30.0,self enquiry,1,8.0,small business,female,2,4.0,deluxe,3.0,single,6.0,1,1,1,1.0,manager,21877.0,0
57.0,self enquiry,1,14.0,large business,male,4,4.0,basic,3.0,married,2.0,0,4,1,3.0,executive,21017.0,1
40.0,self enquiry,3,8.0,small business,female,3,3.0,deluxe,4.0,married,4.0,0,3,1,1.0,manager,20677.0,0
40.0,self enquiry,1,17.0,small business,male,4,4.0,deluxe,5.0,married,4.0,0,5,1,3.0,manager,24055.0,0
60.0,self enquiry,3,22.0,small business,male,2,3.0,deluxe,5.0,single,1.0,0,4,1,0.0,manager,20405.0,0
23.0,company invited,1,33.0,salaried,female,3,5.0,basic,3.0,married,3.0,1,3,0,1.0,executive,21492.0,0
34.0,self enquiry,1,14.0,salaried,female,2,3.0,deluxe,5.0,married,4.0,0,5,1,0.0,manager,20121.0,0
51.0,self enquiry,1,6.0,salaried,male,3,3.0,basic,3.0,married,2.0,0,4,1,0.0,executive,17723.0,0
49.0,self enquiry,1,7.0,salaried,female,3,5.0,super deluxe,5.0,divorced,2.0,0,4,0,2.0,avp,34080.0,0
35.0,company invited,3,9.0,small business,female,4,4.0,basic,3.0,married,8.0,0,5,0,1.0,executive,20909.0,0
43.0,self enquiry,1,17.0,salaried,male,1,3.0,standard,3.0,married,2.0,0,1,1,0.0,senior manager,22510.0,0
36.0,company invited,3,25.0,salaried,male,4,4.0,standard,5.0,divorced,3.0,0,4,1,1.0,senior manager,27747.0,0
33.0,company invited,1,7.0,salaried,female,4,5.0,basic,4.0,divorced,8.0,0,3,1,1.0,executive,21010.0,0
28.0,company invited,1,10.0,small business,male,4,5.0,basic,3.0,married,3.0,1,2,0,3.0,executive,21244.0,0
34.0,self enquiry,1,15.0,salaried,male,4,4.0,deluxe,3.0,single,4.0,1,3,0,3.0,manager,25066.0,0
30.0,company invited,1,9.0,small business,female,3,3.0,basic,3.0,married,2.0,0,3,1,1.0,executive,17083.0,0
20.0,self enquiry,2,9.0,large business,male,3,5.0,basic,3.0,single,3.0,0,3,0,1.0,executive,21242.0,1
31.0,self enquiry,1,31.0,salaried,male,4,4.0,basic,3.0,married,3.0,0,3,1,3.0,executive,21371.0,0
40.0,self enquiry,1,25.0,small business,male,2,3.0,deluxe,3.0,divorced,1.0,1,2,1,1.0,manager,17741.0,0
23.0,self enquiry,1,32.0,salaried,male,2,3.0,basic,3.0,married,2.0,0,1,0,1.0,executive,17904.0,0
39.0,self enquiry,1,7.0,salaried,female,3,4.0,standard,3.0,single,6.0,1,2,0,2.0,senior manager,26539.0,0
48.0,self enquiry,3,35.0,small business,female,3,3.0,standard,3.0,divorced,4.0,0,4,0,0.0,senior manager,27504.0,0
32.0,company invited,1,6.0,salaried,male,3,3.0,basic,3.0,married,1.0,0,5,1,0.0,executive,17314.0,0
32.0,company invited,3,11.0,salaried,male,2,3.0,deluxe,4.0,married,2.0,0,3,1,1.0,manager,21524.0,0
43.0,self enquiry,1,15.0,salaried,male,3,4.0,basic,3.0,single,6.0,0,1,1,2.0,executive,22646.0,0
25.0,self enquiry,3,11.0,small business,female,3,4.0,deluxe,3.0,divorced,3.0,1,5,1,1.0,manager,22840.0,0
30.0,self enquiry,1,30.0,salaried,male,3,2.0,basic,3.0,divorced,3.0,0,2,1,2.0,executive,21378.0,0
21.0,self enquiry,1,10.0,salaried,male,3,5.0,basic,3.0,single,3.0,0,3,0,2.0,executive,21711.0,0
21.0,company invited,1,13.0,salaried,female,4,5.0,basic,3.0,single,3.0,1,2,1,2.0,executive,21604.0,1
29.0,company invited,3,11.0,small business,male,3,4.0,deluxe,3.0,divorced,3.0,0,2,1,1.0,manager,22899.0,0
30.0,self enquiry,1,8.0,salaried,female,4,4.0,basic,3.0,married,3.0,0,1,1,3.0,executive,22438.0,0
30.0,self enquiry,1,14.0,small business,female,4,5.0,basic,3.0,married,8.0,0,5,1,2.0,executive,21210.0,0
41.0,self enquiry,1,11.0,small business,male,2,1.0,basic,3.0,divorced,3.0,1,1,1,1.0,executive,17127.0,0
31.0,self enquiry,2,7.0,salaried,male,3,4.0,basic,3.0,married,2.0,0,1,0,2.0,executive,20742.0,0
37.0,self enquiry,1,23.0,salaried,female,3,2.0,basic,5.0,single,3.0,0,1,1,1.0,executive,21421.0,1
37.0,company invited,1,18.0,salaried,male,4,5.0,deluxe,4.0,single,3.0,0,4,1,2.0,manager,25177.0,0
28.0,self enquiry,1,12.0,large business,male,3,5.0,standard,3.0,married,3.0,1,3,0,1.0,senior manager,31486.0,0
42.0,self enquiry,3,13.0,salaried,female,4,4.0,standard,3.0,single,5.0,1,2,0,2.0,senior manager,32269.0,0
23.0,self enquiry,3,13.0,salaried,male,2,3.0,basic,3.0,married,2.0,1,1,1,0.0,executive,17275.0,1
37.0,self enquiry,1,12.0,salaried,male,4,4.0,deluxe,4.0,single,2.0,0,1,1,2.0,manager,24592.0,0
49.0,self enquiry,1,22.0,salaried,female,4,4.0,basic,5.0,married,2.0,0,1,1,1.0,executive,21045.0,0
28.0,company invited,1,9.0,small business,male,3,4.0,basic,3.0,single,4.0,0,3,0,2.0,executive,21258.0,0
40.0,self enquiry,1,19.0,small business,male,4,4.0,deluxe,4.0,married,6.0,0,3,1,2.0,manager,23973.0,0
43.0,self enquiry,2,9.0,large business,male,3,4.0,basic,3.0,married,2.0,1,4,1,1.0,executive,21374.0,0
41.0,company invited,1,16.0,salaried,male,4,5.0,deluxe,3.0,married,2.0,0,5,0,2.0,manager,23554.0,0
35.0,self enquiry,1,16.0,small business,female,2,3.0,deluxe,3.0,single,4.0,1,1,1,0.0,manager,21142.0,0
30.0,self enquiry,1,22.0,salaried,male,2,1.0,deluxe,3.0,married,4.0,0,1,1,0.0,manager,20294.0,0
31.0,self enquiry,3,12.0,small business,male,3,2.0,deluxe,3.0,married,5.0,0,5,1,2.0,manager,20460.0,0
51.0,self enquiry,1,16.0,salaried,male,4,4.0,basic,3.0,married,6.0,0,5,1,3.0,executive,21058.0,0
38.0,self enquiry,3,13.0,small business,female,2,2.0,deluxe,5.0,married,2.0,1,3,0,0.0,manager,20605.0,0
30.0,company invited,3,32.0,small business,female,2,4.0,deluxe,5.0,single,6.0,0,2,0,1.0,manager,21696.0,1
37.0,self enquiry,1,7.0,salaried,female,3,4.0,deluxe,4.0,divorced,2.0,0,5,0,1.0,manager,23906.0,0
41.0,company invited,1,18.0,large business,female,4,4.0,deluxe,3.0,married,3.0,0,3,1,2.0,manager,25001.0,0
37.0,self enquiry,1,13.0,small business,male,1,3.0,standard,3.0,single,5.0,0,2,0,0.0,senior manager,28664.0,0
38.0,company invited,3,8.0,salaried,male,2,4.0,deluxe,3.0,divorced,4.0,0,5,1,1.0,manager,20249.0,0
26.0,self enquiry,1,30.0,large business,male,3,5.0,basic,3.0,single,2.0,1,3,1,2.0,executive,17340.0,1
32.0,self enquiry,1,15.0,salaried,female,3,3.0,deluxe,3.0,married,2.0,1,5,1,2.0,manager,21322.0,0
38.0,self enquiry,3,15.0,small business,male,3,4.0,basic,4.0,married,1.0,0,4,0,2.0,executive,17899.0,0
38.0,self enquiry,1,10.0,salaried,male,3,4.0,standard,3.0,married,3.0,0,1,1,1.0,senior manager,28112.0,0
27.0,self enquiry,1,23.0,small business,male,3,4.0,basic,4.0,married,4.0,1,2,1,2.0,executive,21051.0,1
28.0,self enquiry,1,7.0,small business,male,3,4.0,basic,4.0,married,3.0,0,3,0,1.0,executive,22494.0,0
42.0,self enquiry,3,13.0,salaried,female,4,4.0,standard,3.0,single,5.0,1,1,0,1.0,senior manager,32269.0,0
34.0,self enquiry,3,9.0,small business,male,4,4.0,deluxe,3.0,married,3.0,0,3,1,2.0,manager,24183.0,0
33.0,company invited,3,18.0,salaried,male,3,2.0,deluxe,3.0,married,2.0,0,3,1,1.0,manager,23385.0,1
39.0,company invited,1,15.0,small business,female,3,5.0,deluxe,4.0,married,3.0,1,1,1,1.0,manager,20811.0,0
38.0,company invited,2,6.0,salaried,male,2,3.0,basic,4.0,married,1.0,1,1,1,1.0,executive,17991.0,0
23.0,self enquiry,1,6.0,salaried,male,2,3.0,basic,3.0,divorced,2.0,0,4,0,1.0,executive,16223.0,0
54.0,self enquiry,1,9.0,salaried,male,2,3.0,super deluxe,3.0,divorced,4.0,0,5,1,1.0,avp,32779.0,0
30.0,self enquiry,3,26.0,salaried,male,4,5.0,deluxe,3.0,married,3.0,0,4,1,1.0,manager,27298.0,0
46.0,company invited,1,11.0,salaried,male,3,4.0,deluxe,4.0,married,3.0,0,4,1,1.0,manager,23125.0,0
20.0,self enquiry,1,16.0,salaried,male,3,4.0,basic,5.0,single,3.0,0,3,0,1.0,executive,21230.0,0
58.0,company invited,1,6.0,salaried,male,2,5.0,deluxe,3.0,married,3.0,1,2,1,1.0,manager,20660.0,0
25.0,self enquiry,3,7.0,large business,female,4,4.0,basic,4.0,single,3.0,1,4,0,1.0,executive,21880.0,1
45.0,self enquiry,1,6.0,salaried,male,3,1.0,king,3.0,married,1.0,0,4,1,1.0,vp,34202.0,0
33.0,company invited,1,17.0,salaried,male,3,4.0,basic,3.0,married,8.0,0,1,0,1.0,executive,22111.0,0
50.0,self enquiry,1,15.0,salaried,female,3,4.0,standard,4.0,married,6.0,0,4,0,2.0,senior manager,26081.0,0
34.0,company invited,1,12.0,salaried,female,4,4.0,standard,4.0,divorced,8.0,0,3,1,3.0,senior manager,30556.0,0
49.0,self enquiry,3,9.0,small business,female,3,4.0,deluxe,3.0,divorced,4.0,0,5,1,1.0,manager,22729.0,0
27.0,self enquiry,3,17.0,small business,female,3,1.0,basic,3.0,divorced,1.0,0,3,1,1.0,executive,17534.0,0
45.0,self enquiry,1,10.0,salaried,male,3,4.0,basic,5.0,divorced,6.0,0,5,1,2.0,executive,21040.0,1
26.0,company invited,1,12.0,salaried,male,3,2.0,deluxe,5.0,married,3.0,0,5,1,2.0,manager,22678.0,0
59.0,self enquiry,3,9.0,salaried,female,2,4.0,deluxe,3.0,single,6.0,0,3,0,0.0,manager,20171.0,0
46.0,self enquiry,1,14.0,small business,female,3,4.0,basic,3.0,married,6.0,1,3,0,2.0,executive,23155.0,0
54.0,self enquiry,1,9.0,salaried,male,2,3.0,super deluxe,3.0,married,4.0,0,5,0,0.0,avp,32779.0,0
58.0,self enquiry,1,31.0,salaried,male,3,3.0,standard,3.0,married,5.0,1,4,1,2.0,senior manager,28117.0,0
38.0,company invited,1,12.0,large business,male,3,2.0,basic,3.0,single,2.0,0,5,1,1.0,executive,22178.0,0
58.0,self enquiry,1,7.0,small business,male,3,4.0,deluxe,3.0,divorced,4.0,0,3,1,2.0,manager,25433.0,0
36.0,self enquiry,1,7.0,salaried,female,4,6.0,basic,3.0,married,3.0,0,3,0,2.0,executive,21655.0,0
45.0,self enquiry,3,19.0,small business,male,2,1.0,super deluxe,3.0,single,7.0,1,3,1,0.0,avp,33824.0,1
38.0,self enquiry,1,13.0,small business,male,3,3.0,deluxe,5.0,married,6.0,1,3,1,2.0,manager,24652.0,0
46.0,self enquiry,3,9.0,small business,male,2,3.0,super deluxe,3.0,divorced,4.0,0,2,1,0.0,avp,32465.0,0
27.0,company invited,1,16.0,salaried,male,2,3.0,standard,5.0,married,2.0,0,3,1,0.0,senior manager,23793.0,0
32.0,self enquiry,3,13.0,small business,male,4,3.0,deluxe,3.0,married,6.0,0,5,1,3.0,manager,24138.0,0
54.0,self enquiry,3,9.0,small business,female,2,3.0,deluxe,5.0,married,3.0,0,4,1,0.0,manager,20940.0,0
35.0,company invited,1,9.0,salaried,male,4,4.0,deluxe,3.0,single,4.0,0,4,1,2.0,manager,22711.0,0
47.0,self enquiry,1,8.0,small business,female,3,3.0,deluxe,3.0,married,6.0,0,1,0,0.0,manager,20070.0,0
49.0,self enquiry,1,26.0,small business,female,3,3.0,deluxe,5.0,divorced,2.0,0,2,1,2.0,manager,21567.0,0
41.0,self enquiry,1,9.0,salaried,male,4,4.0,deluxe,3.0,single,3.0,0,3,1,3.0,manager,23339.0,0
32.0,self enquiry,1,31.0,small business,female,4,5.0,deluxe,5.0,single,3.0,0,5,0,3.0,manager,25490.0,0
34.0,self enquiry,3,6.0,small business,male,3,1.0,deluxe,3.0,married,1.0,0,5,0,1.0,manager,24725.0,0
42.0,self enquiry,3,11.0,small business,female,3,4.0,standard,3.0,married,2.0,1,1,0,2.0,senior manager,29125.0,0
30.0,company invited,3,7.0,small business,female,3,4.0,standard,3.0,divorced,3.0,0,3,1,1.0,senior manager,26596.0,0
55.0,self enquiry,1,8.0,large business,male,3,4.0,basic,3.0,married,1.0,0,5,0,0.0,executive,17662.0,0
38.0,self enquiry,1,16.0,small business,female,3,3.0,deluxe,3.0,divorced,4.0,0,3,1,2.0,manager,24824.0,0
45.0,self enquiry,1,8.0,salaried,female,2,4.0,deluxe,3.0,married,2.0,0,4,1,1.0,manager,20770.0,0
45.0,self enquiry,3,17.0,salaried,female,2,3.0,super deluxe,3.0,married,4.0,0,4,0,1.0,avp,32650.0,0
31.0,self enquiry,1,15.0,salaried,female,4,2.0,standard,5.0,married,2.0,1,1,0,3.0,senior manager,30094.0,0
36.0,self enquiry,1,7.0,small business,male,3,5.0,basic,3.0,divorced,8.0,0,2,1,2.0,executive,20936.0,0
40.0,company invited,3,28.0,salaried,female,3,6.0,deluxe,3.0,married,8.0,0,5,0,1.0,manager,24414.0,0
35.0,company invited,1,33.0,large business,female,4,5.0,basic,3.0,married,3.0,0,1,1,1.0,executive,20707.0,0
24.0,self enquiry,1,23.0,salaried,male,3,4.0,basic,4.0,married,2.0,0,3,1,1.0,executive,17127.0,0
22.0,company invited,1,9.0,salaried,male,2,4.0,basic,3.0,married,1.0,1,3,0,1.0,executive,17853.0,1
53.0,self enquiry,1,13.0,salaried,male,2,2.0,super deluxe,3.0,divorced,4.0,0,2,0,0.0,avp,29814.0,0
50.0,self enquiry,1,14.0,salaried,male,3,4.0,standard,4.0,married,5.0,0,4,0,2.0,senior manager,29144.0,0
36.0,self enquiry,1,9.0,salaried,female,2,3.0,basic,3.0,married,6.0,0,1,0,1.0,executive,17835.0,0
39.0,company invited,1,30.0,salaried,male,3,5.0,standard,3.0,single,2.0,0,3,1,1.0,senior manager,28204.0,0
36.0,self enquiry,1,7.0,small business,female,3,5.0,deluxe,3.0,divorced,2.0,0,1,1,2.0,manager,24041.0,0
34.0,company invited,3,23.0,salaried,female,3,4.0,deluxe,3.0,married,3.0,1,1,0,1.0,manager,24046.0,0
29.0,self enquiry,1,16.0,small business,female,4,4.0,basic,3.0,married,7.0,0,3,1,2.0,executive,21055.0,0
42.0,self enquiry,1,9.0,salaried,female,3,6.0,basic,3.0,married,6.0,1,3,0,2.0,executive,21456.0,1
19.0,company invited,3,10.0,small business,female,4,4.0,basic,3.0,single,3.0,1,5,0,2.0,executive,20247.0,1
28.0,company invited,1,17.0,salaried,male,3,4.0,standard,5.0,married,3.0,0,3,1,1.0,senior manager,27471.0,0
45.0,self enquiry,3,8.0,large business,male,2,5.0,deluxe,3.0,single,1.0,0,5,1,1.0,manager,21632.0,0
35.0,self enquiry,1,14.0,small business,male,3,4.0,basic,3.0,single,3.0,0,1,0,2.0,executive,21650.0,0
46.0,company invited,1,11.0,salaried,male,3,4.0,deluxe,4.0,divorced,3.0,0,4,1,2.0,manager,23125.0,0
47.0,company invited,1,20.0,large business,male,3,3.0,deluxe,4.0,married,1.0,0,3,0,2.0,manager,20467.0,0
30.0,company invited,3,32.0,small business,female,2,4.0,deluxe,5.0,single,6.0,0,1,1,1.0,manager,21696.0,1
37.0,self enquiry,1,13.0,small business,male,3,4.0,deluxe,4.0,married,8.0,0,4,1,2.0,manager,23619.0,0
39.0,self enquiry,1,9.0,small business,female,3,5.0,standard,3.0,married,5.0,1,5,1,2.0,senior manager,26434.0,0
48.0,company invited,3,16.0,salaried,male,3,6.0,super deluxe,3.0,married,2.0,0,5,1,2.0,avp,31614.0,1
33.0,self enquiry,1,7.0,salaried,male,4,4.0,deluxe,4.0,divorced,3.0,0,3,0,1.0,manager,24898.0,0
57.0,self enquiry,1,7.0,salaried,female,3,4.0,basic,5.0,divorced,4.0,0,5,1,2.0,executive,20744.0,0
28.0,self enquiry,3,17.0,small business,female,4,5.0,deluxe,3.0,divorced,3.0,1,3,1,3.0,manager,24447.0,0
24.0,self enquiry,1,23.0,salaried,male,3,4.0,basic,4.0,divorced,2.0,0,3,1,1.0,executive,17127.0,0
26.0,self enquiry,3,10.0,salaried,male,4,4.0,deluxe,5.0,divorced,3.0,1,4,1,1.0,manager,22872.0,0
36.0,self enquiry,1,28.0,salaried,female,3,4.0,deluxe,3.0,married,3.0,1,3,0,1.0,manager,22692.0,0
38.0,self enquiry,2,13.0,salaried,male,4,4.0,basic,5.0,married,6.0,1,2,1,1.0,executive,20751.0,1
38.0,company invited,1,16.0,small business,male,3,4.0,basic,3.0,divorced,3.0,1,2,0,1.0,executive,21004.0,0
44.0,self enquiry,1,15.0,salaried,female,4,4.0,deluxe,3.0,married,6.0,1,2,0,1.0,manager,23200.0,0
37.0,self enquiry,3,9.0,salaried,male,4,4.0,basic,3.0,single,5.0,1,3,0,1.0,executive,21322.0,0
30.0,self enquiry,1,15.0,salaried,male,4,6.0,basic,5.0,married,3.0,1,3,0,2.0,executive,20797.0,1
41.0,self enquiry,1,15.0,salaried,female,4,4.0,deluxe,5.0,married,4.0,1,1,0,1.0,manager,25194.0,0
29.0,self enquiry,1,16.0,salaried,female,3,4.0,basic,5.0,single,7.0,1,5,1,1.0,executive,17404.0,1
46.0,company invited,1,14.0,salaried,male,4,4.0,standard,5.0,married,3.0,0,1,1,1.0,senior manager,23888.0,0
59.0,self enquiry,1,16.0,small business,female,4,5.0,basic,4.0,divorced,6.0,1,2,1,1.0,executive,22024.0,0
44.0,company invited,1,7.0,salaried,female,3,4.0,deluxe,3.0,divorced,6.0,0,2,1,2.0,manager,24240.0,0
34.0,self enquiry,1,12.0,small business,male,2,3.0,basic,5.0,single,3.0,0,4,0,0.0,executive,17960.0,1
27.0,company invited,1,9.0,small business,male,2,3.0,basic,3.0,married,2.0,0,1,0,0.0,executive,16706.0,0
31.0,company invited,1,12.0,small business,female,3,4.0,basic,4.0,single,2.0,0,3,0,1.0,executive,21100.0,1
42.0,company invited,1,8.0,salaried,male,2,3.0,standard,3.0,married,3.0,1,3,1,0.0,senior manager,25124.0,0
36.0,self enquiry,1,21.0,salaried,male,3,5.0,basic,4.0,married,3.0,1,5,1,2.0,executive,22421.0,1
37.0,company invited,1,8.0,salaried,male,3,4.0,deluxe,3.0,married,6.0,0,2,0,1.0,manager,20163.0,0
36.0,self enquiry,1,23.0,small business,male,3,3.0,basic,4.0,divorced,2.0,0,3,1,2.0,executive,21104.0,0
31.0,company invited,3,26.0,small business,female,2,3.0,deluxe,3.0,married,2.0,0,1,1,1.0,manager,21932.0,0
32.0,self enquiry,1,6.0,salaried,male,3,3.0,deluxe,4.0,married,2.0,0,3,1,0.0,manager,21220.0,0
30.0,self enquiry,2,13.0,small business,male,3,5.0,basic,4.0,married,3.0,0,3,1,2.0,executive,21482.0,0
38.0,self enquiry,1,16.0,small business,female,3,3.0,deluxe,3.0,married,4.0,0,3,0,1.0,manager,24824.0,0
34.0,self enquiry,3,15.0,salaried,male,3,4.0,deluxe,5.0,married,4.0,0,5,1,1.0,manager,25070.0,0
25.0,self enquiry,1,13.0,small business,male,3,4.0,basic,3.0,divorced,2.0,0,2,1,2.0,executive,17889.0,0
39.0,self enquiry,1,12.0,small business,male,3,3.0,basic,5.0,married,1.0,1,1,1,1.0,executive,17404.0,1
54.0,self enquiry,3,14.0,small business,female,4,5.0,standard,3.0,married,2.0,1,1,0,2.0,senior manager,29612.0,0
46.0,self enquiry,1,6.0,small business,male,2,3.0,king,3.0,married,1.0,0,5,1,1.0,vp,34627.0,0
36.0,company invited,1,14.0,salaried,female,3,2.0,standard,5.0,divorced,1.0,0,3,0,0.0,senior manager,26713.0,0
34.0,self enquiry,1,21.0,small business,male,3,4.0,basic,3.0,married,7.0,1,1,1,2.0,executive,21114.0,1
21.0,company invited,1,13.0,salaried,female,4,5.0,basic,3.0,single,3.0,1,1,0,1.0,executive,21604.0,1
41.0,self enquiry,3,15.0,salaried,male,3,3.0,standard,3.0,married,4.0,1,1,0,1.0,senior manager,23189.0,0
49.0,self enquiry,1,13.0,salaried,male,4,5.0,deluxe,3.0,single,4.0,0,2,0,1.0,manager,22918.0,0
31.0,self enquiry,2,8.0,salaried,male,3,4.0,deluxe,5.0,divorced,4.0,0,3,0,1.0,manager,21410.0,0
48.0,company invited,1,21.0,large business,male,4,4.0,deluxe,4.0,married,2.0,0,3,0,3.0,manager,24145.0,0
19.0,self enquiry,3,28.0,small business,male,2,3.0,basic,3.0,single,2.0,1,1,1,0.0,executive,16675.0,1
43.0,company invited,3,21.0,salaried,male,2,4.0,deluxe,3.0,divorced,4.0,0,5,0,1.0,manager,21804.0,0
31.0,company invited,3,26.0,salaried,male,3,1.0,basic,3.0,married,1.0,0,5,1,0.0,executive,17791.0,0
45.0,company invited,3,8.0,large business,male,4,4.0,basic,3.0,married,5.0,0,3,1,2.0,executive,26656.0,1
26.0,self enquiry,3,15.0,salaried,male,3,2.0,deluxe,4.0,married,2.0,0,4,1,1.0,manager,23529.0,0
53.0,company invited,1,32.0,small business,female,3,5.0,super deluxe,3.0,married,5.0,0,5,0,2.0,avp,32504.0,0
46.0,company invited,1,24.0,small business,female,2,3.0,standard,3.0,married,6.0,0,3,0,1.0,senior manager,25527.0,0
37.0,company invited,3,6.0,small business,male,2,5.0,deluxe,3.0,married,2.0,0,1,0,1.0,manager,24525.0,0
34.0,self enquiry,1,14.0,salaried,female,2,3.0,deluxe,5.0,married,4.0,0,5,1,1.0,manager,20121.0,0
45.0,self enquiry,3,8.0,salaried,male,3,6.0,deluxe,4.0,single,8.0,0,3,0,2.0,manager,21040.0,1
56.0,self enquiry,1,15.0,small business,female,3,4.0,super deluxe,3.0,married,4.0,1,3,1,2.0,avp,33434.0,0
30.0,self enquiry,1,14.0,salaried,female,3,1.0,standard,5.0,divorced,1.0,1,2,0,2.0,senior manager,26416.0,0
50.0,company invited,3,6.0,salaried,female,3,3.0,deluxe,3.0,married,1.0,0,1,0,1.0,manager,21347.0,0
48.0,self enquiry,1,21.0,salaried,female,3,3.0,basic,5.0,married,1.0,0,1,1,0.0,executive,17367.0,0
29.0,self enquiry,1,15.0,salaried,female,4,4.0,basic,3.0,single,3.0,0,4,1,2.0,executive,21988.0,0
44.0,company invited,1,29.0,small business,male,3,3.0,deluxe,4.0,divorced,5.0,0,3,1,0.0,manager,17042.0,0
36.0,company invited,3,16.0,small business,male,2,3.0,standard,3.0,single,2.0,0,2,1,1.0,senior manager,24980.0,0
19.0,self enquiry,3,16.0,small business,male,3,4.0,basic,3.0,single,3.0,0,5,0,2.0,executive,20289.0,1
33.0,company invited,1,13.0,salaried,male,2,3.0,deluxe,3.0,married,2.0,0,5,1,1.0,manager,20968.0,0
37.0,self enquiry,3,9.0,small business,male,4,5.0,standard,3.0,married,3.0,0,1,1,2.0,senior manager,26274.0,0
47.0,self enquiry,1,10.0,salaried,female,3,4.0,standard,4.0,married,1.0,1,4,1,2.0,senior manager,25333.0,0
26.0,self enquiry,3,33.0,small business,female,3,4.0,deluxe,3.0,single,3.0,0,4,0,1.0,manager,24858.0,0
45.0,self enquiry,3,15.0,small business,male,3,3.0,standard,5.0,married,5.0,1,2,1,0.0,senior manager,25761.0,0
38.0,self enquiry,1,6.0,salaried,female,2,3.0,standard,3.0,single,5.0,1,1,0,1.0,senior manager,22861.0,0
22.0,company invited,1,22.0,small business,male,3,2.0,basic,3.0,married,2.0,1,3,0,0.0,executive,17935.0,0
30.0,company invited,3,9.0,salaried,male,3,4.0,deluxe,3.0,single,3.0,0,2,0,1.0,manager,23232.0,0
34.0,company invited,3,8.0,small business,female,3,3.0,basic,3.0,divorced,7.0,0,5,1,2.0,executive,17231.0,0
41.0,self enquiry,1,21.0,small business,male,3,5.0,king,3.0,single,3.0,0,3,1,2.0,vp,38304.0,0
26.0,self enquiry,3,6.0,salaried,male,2,3.0,deluxe,3.0,married,2.0,0,5,0,1.0,manager,20296.0,0
29.0,self enquiry,2,19.0,salaried,male,2,4.0,basic,5.0,married,5.0,1,5,1,1.0,executive,17335.0,1
41.0,company invited,1,33.0,small business,female,3,4.0,deluxe,4.0,married,3.0,0,2,1,1.0,manager,24283.0,0
31.0,self enquiry,3,12.0,small business,female,2,5.0,deluxe,3.0,married,3.0,0,1,1,1.0,manager,24796.0,0
30.0,company invited,1,17.0,salaried,female,4,4.0,basic,4.0,married,2.0,0,5,0,1.0,executive,21969.0,0
55.0,self enquiry,1,15.0,salaried,female,3,4.0,deluxe,3.0,single,2.0,0,2,1,1.0,manager,22458.0,0
52.0,self enquiry,1,11.0,salaried,male,3,4.0,basic,3.0,married,2.0,1,1,0,1.0,executive,21139.0,1
51.0,self enquiry,3,15.0,small business,male,3,4.0,basic,4.0,married,2.0,0,1,0,2.0,executive,22553.0,0
22.0,company invited,3,25.0,small business,female,4,4.0,deluxe,3.0,married,2.0,1,5,0,2.0,manager,21303.0,1
22.0,company invited,1,32.0,salaried,female,2,4.0,basic,3.0,married,2.0,1,3,0,0.0,executive,17814.0,0
35.0,self enquiry,3,16.0,small business,male,3,4.0,standard,3.0,married,6.0,0,3,1,2.0,senior manager,23168.0,1
39.0,self enquiry,1,16.0,salaried,male,4,4.0,basic,3.0,married,4.0,0,1,1,2.0,executive,23449.0,0
27.0,self enquiry,1,10.0,salaried,female,3,3.0,basic,3.0,single,2.0,0,1,0,0.0,executive,17318.0,0
35.0,self enquiry,1,31.0,large business,male,3,4.0,standard,4.0,married,4.0,0,3,1,1.0,senior manager,25903.0,0
43.0,company invited,1,15.0,salaried,male,2,3.0,basic,3.0,single,5.0,0,3,0,1.0,executive,17438.0,0
36.0,company invited,3,6.0,small business,female,2,3.0,deluxe,3.0,single,5.0,0,1,1,1.0,manager,21653.0,0
34.0,self enquiry,3,14.0,large business,male,3,1.0,deluxe,3.0,married,2.0,0,1,0,2.0,manager,21799.0,0
42.0,self enquiry,1,19.0,large business,female,3,4.0,king,3.0,divorced,3.0,0,4,1,1.0,vp,38223.0,1
52.0,company invited,1,31.0,small business,female,2,4.0,super deluxe,3.0,married,4.0,0,5,0,1.0,avp,28826.0,0
53.0,self enquiry,1,18.0,salaried,female,3,4.0,deluxe,3.0,divorced,2.0,0,2,1,2.0,manager,21827.0,0
37.0,self enquiry,1,7.0,salaried,female,3,4.0,deluxe,4.0,married,2.0,0,5,1,2.0,manager,23906.0,0
35.0,company invited,1,17.0,large business,male,4,5.0,deluxe,3.0,married,3.0,0,4,1,2.0,manager,23741.0,0
26.0,self enquiry,3,35.0,salaried,male,3,5.0,deluxe,3.0,married,4.0,0,4,1,2.0,manager,27317.0,0
34.0,self enquiry,1,14.0,small business,male,3,4.0,standard,3.0,divorced,2.0,0,4,0,1.0,senior manager,30369.0,0
36.0,self enquiry,3,7.0,small business,male,4,4.0,standard,4.0,married,3.0,0,4,0,1.0,senior manager,25973.0,0
36.0,self enquiry,3,9.0,salaried,male,2,4.0,standard,3.0,married,2.0,1,1,1,0.0,senior manager,25325.0,1
41.0,self enquiry,1,23.0,salaried,female,3,4.0,standard,3.0,single,8.0,1,4,1,1.0,senior manager,26623.0,0
36.0,self enquiry,3,16.0,large business,female,3,4.0,deluxe,3.0,married,2.0,1,1,1,2.0,manager,20673.0,0
34.0,self enquiry,1,33.0,small business,female,3,3.0,basic,4.0,single,3.0,0,3,1,0.0,executive,17311.0,0
48.0,company invited,1,6.0,small business,male,2,1.0,super deluxe,3.0,single,3.0,0,1,0,0.0,avp,31885.0,0
34.0,self enquiry,1,8.0,salaried,male,3,4.0,basic,3.0,married,4.0,0,5,1,0.0,executive,17768.0,0
42.0,company invited,2,8.0,small business,male,3,1.0,deluxe,5.0,divorced,1.0,0,2,0,2.0,manager,21272.0,0
51.0,self enquiry,1,35.0,small business,male,4,3.0,basic,3.0,divorced,3.0,1,2,1,3.0,executive,21899.0,0
32.0,self enquiry,3,13.0,small business,male,4,2.0,deluxe,3.0,married,6.0,0,5,1,2.0,manager,24138.0,0
40.0,company invited,1,32.0,small business,female,2,3.0,deluxe,4.0,married,2.0,0,2,1,0.0,manager,20605.0,0
28.0,self enquiry,1,6.0,salaried,female,3,5.0,basic,4.0,single,1.0,1,2,1,0.0,executive,17216.0,1
30.0,self enquiry,1,16.0,small business,female,3,3.0,standard,3.0,single,1.0,0,4,0,0.0,senior manager,24667.0,0
29.0,company invited,2,7.0,salaried,male,3,4.0,basic,3.0,married,3.0,0,4,0,2.0,executive,21384.0,0
25.0,company invited,1,16.0,small business,male,3,4.0,basic,5.0,single,4.0,1,3,0,2.0,executive,21850.0,1
43.0,self enquiry,1,36.0,salaried,male,4,4.0,deluxe,4.0,married,3.0,0,3,1,1.0,manager,23112.0,0
37.0,company invited,1,25.0,small business,female,4,4.0,basic,3.0,single,3.0,0,3,0,2.0,executive,20831.0,0
26.0,self enquiry,1,9.0,small business,male,4,2.0,basic,5.0,single,2.0,0,2,1,3.0,executive,22102.0,0
30.0,self enquiry,3,17.0,salaried,male,4,4.0,basic,3.0,single,3.0,0,4,1,1.0,executive,21320.0,0
36.0,self enquiry,1,12.0,large business,male,4,4.0,standard,4.0,single,2.0,0,3,1,2.0,senior manager,26773.0,0
28.0,company invited,3,10.0,small business,female,4,3.0,deluxe,3.0,married,3.0,1,2,1,3.0,manager,23325.0,0
33.0,self enquiry,1,16.0,salaried,female,4,4.0,deluxe,3.0,married,3.0,1,5,1,3.0,manager,25000.0,0
25.0,self enquiry,1,24.0,small business,female,3,5.0,deluxe,3.0,married,3.0,0,3,0,1.0,manager,23055.0,0
21.0,self enquiry,3,9.0,small business,female,3,4.0,basic,3.0,single,3.0,0,4,0,1.0,executive,21461.0,0
45.0,self enquiry,1,6.0,salaried,male,3,2.0,king,3.0,divorced,1.0,0,4,1,2.0,vp,34202.0,0
38.0,self enquiry,1,7.0,salaried,male,3,5.0,deluxe,3.0,married,3.0,0,5,0,1.0,manager,24671.0,0
38.0,self enquiry,1,20.0,small business,male,3,4.0,deluxe,3.0,married,3.0,0,1,0,1.0,manager,22963.0,0
60.0,self enquiry,3,13.0,small business,male,2,1.0,deluxe,3.0,married,1.0,1,5,0,0.0,manager,20220.0,0
38.0,self enquiry,1,8.0,small business,female,2,4.0,standard,3.0,married,4.0,1,5,1,1.0,senior manager,22756.0,0
43.0,company invited,3,32.0,salaried,male,3,3.0,super deluxe,3.0,married,2.0,1,1,1,0.0,avp,31959.0,0
36.0,company invited,1,32.0,salaried,female,4,4.0,basic,4.0,married,3.0,1,3,0,1.0,executive,20700.0,1
32.0,self enquiry,1,12.0,large business,male,3,4.0,basic,3.0,divorced,2.0,1,4,0,2.0,executive,23499.0,0
38.0,self enquiry,3,9.0,small business,male,4,4.0,deluxe,3.0,married,6.0,1,3,0,3.0,manager,28280.0,0
33.0,self enquiry,1,8.0,salaried,female,2,3.0,basic,5.0,divorced,1.0,0,3,1,0.0,executive,17707.0,1
37.0,self enquiry,1,31.0,small business,female,2,4.0,deluxe,3.0,married,1.0,0,3,1,0.0,manager,20731.0,0
48.0,self enquiry,3,9.0,salaried,female,4,5.0,basic,3.0,single,3.0,1,2,1,1.0,executive,21972.0,0
33.0,self enquiry,1,7.0,small business,male,3,4.0,deluxe,3.0,divorced,3.0,1,4,1,1.0,manager,24840.0,0
33.0,self enquiry,2,9.0,salaried,male,2,3.0,basic,4.0,married,4.0,1,5,0,1.0,executive,17277.0,0
60.0,self enquiry,1,9.0,salaried,female,4,5.0,super deluxe,3.0,single,5.0,1,5,0,3.0,avp,32404.0,0
29.0,company invited,3,6.0,small business,female,2,3.0,standard,3.0,married,2.0,0,3,1,1.0,senior manager,22918.0,0
47.0,self enquiry,1,20.0,salaried,male,3,4.0,deluxe,4.0,single,8.0,0,4,1,1.0,manager,24240.0,0
34.0,company invited,1,10.0,salaried,female,3,4.0,basic,3.0,divorced,3.0,1,5,1,2.0,executive,21587.0,0
24.0,self enquiry,1,6.0,small business,male,3,3.0,basic,3.0,married,3.0,1,3,0,2.0,executive,17293.0,1
37.0,self enquiry,2,12.0,salaried,male,3,3.0,basic,5.0,married,5.0,1,1,0,2.0,executive,17073.0,1
34.0,self enquiry,3,12.0,small business,female,3,4.0,basic,3.0,single,3.0,1,2,1,1.0,executive,21529.0,1
29.0,self enquiry,1,6.0,large business,male,2,3.0,basic,3.0,single,1.0,0,1,0,0.0,executive,17058.0,1
33.0,self enquiry,1,11.0,salaried,female,3,4.0,basic,3.0,married,2.0,0,1,0,0.0,executive,17911.0,0
18.0,self enquiry,3,16.0,small business,female,3,4.0,basic,3.0,single,2.0,0,2,1,2.0,executive,16200.0,0
32.0,self enquiry,1,14.0,small business,female,3,4.0,deluxe,5.0,married,3.0,0,1,1,1.0,manager,22984.0,0
27.0,self enquiry,3,7.0,salaried,male,3,4.0,deluxe,3.0,divorced,3.0,0,5,1,1.0,manager,23974.0,0
37.0,company invited,1,25.0,salaried,male,4,4.0,deluxe,3.0,single,4.0,0,3,0,2.0,manager,26457.0,0
32.0,self enquiry,1,15.0,salaried,female,4,4.0,deluxe,3.0,single,3.0,0,5,0,2.0,manager,23102.0,0
37.0,self enquiry,3,8.0,small business,male,3,3.0,deluxe,3.0,married,5.0,1,3,0,2.0,manager,24602.0,0
20.0,self enquiry,3,15.0,salaried,male,2,3.0,basic,5.0,single,2.0,0,1,0,1.0,executive,17728.0,0
30.0,self enquiry,1,14.0,large business,female,3,4.0,basic,3.0,married,5.0,1,4,1,2.0,executive,22017.0,1
36.0,self enquiry,3,19.0,small business,male,3,4.0,deluxe,5.0,married,6.0,1,1,1,0.0,manager,21134.0,1
45.0,self enquiry,1,13.0,salaried,male,2,3.0,standard,5.0,married,3.0,0,3,0,0.0,senior manager,24724.0,0
36.0,self enquiry,1,14.0,salaried,male,4,4.0,basic,4.0,single,3.0,1,3,1,2.0,executive,24041.0,1
36.0,self enquiry,1,29.0,salaried,female,4,2.0,standard,4.0,married,2.0,0,5,1,3.0,senior manager,30674.0,0
32.0,company invited,3,27.0,small business,female,3,4.0,deluxe,3.0,divorced,3.0,0,2,1,1.0,manager,25610.0,0
53.0,self enquiry,1,10.0,small business,male,3,5.0,standard,3.0,married,4.0,1,1,1,1.0,senior manager,26647.0,0
33.0,company invited,3,12.0,salaried,male,3,4.0,deluxe,4.0,married,3.0,0,3,1,2.0,manager,25202.0,0
38.0,self enquiry,1,35.0,small business,male,3,3.0,deluxe,5.0,married,1.0,1,3,1,2.0,manager,21673.0,1
23.0,self enquiry,3,8.0,large business,male,3,3.0,basic,5.0,married,4.0,0,3,1,2.0,executive,17322.0,0
36.0,self enquiry,1,6.0,salaried,female,2,3.0,deluxe,4.0,married,1.0,0,5,1,1.0,manager,20228.0,0
29.0,self enquiry,1,16.0,small business,male,4,4.0,basic,3.0,married,3.0,0,1,1,1.0,executive,20748.0,0
33.0,self enquiry,3,7.0,small business,male,4,5.0,basic,4.0,married,2.0,0,1,0,3.0,executive,20947.0,0
38.0,self enquiry,3,10.0,salaried,male,3,4.0,standard,3.0,single,4.0,0,3,0,1.0,senior manager,26106.0,0
43.0,self enquiry,1,25.0,salaried,male,3,4.0,deluxe,5.0,married,8.0,1,1,0,1.0,manager,24088.0,0
24.0,self enquiry,1,13.0,salaried,male,4,2.0,basic,5.0,married,3.0,1,3,0,1.0,executive,20279.0,1
39.0,self enquiry,1,7.0,salaried,female,3,3.0,deluxe,3.0,single,2.0,0,2,1,2.0,manager,26303.0,0
39.0,self enquiry,3,10.0,salaried,female,2,4.0,deluxe,3.0,married,5.0,0,5,1,1.0,manager,20902.0,0
39.0,self enquiry,1,24.0,salaried,female,4,5.0,standard,3.0,divorced,2.0,0,2,0,3.0,senior manager,27501.0,0
22.0,self enquiry,1,14.0,small business,female,3,3.0,basic,5.0,married,2.0,1,3,0,1.0,executive,17398.0,1
20.0,company invited,3,7.0,large business,female,4,6.0,basic,5.0,single,2.0,0,3,1,1.0,executive,21003.0,1
29.0,self enquiry,1,9.0,small business,male,3,6.0,basic,3.0,divorced,7.0,1,3,1,1.0,executive,22142.0,1
31.0,self enquiry,3,22.0,small business,male,4,5.0,standard,5.0,married,4.0,0,1,0,3.0,senior manager,25818.0,0
38.0,self enquiry,3,8.0,small business,female,3,5.0,deluxe,3.0,married,3.0,1,3,0,0.0,manager,20405.0,0
52.0,self enquiry,1,9.0,small business,male,2,4.0,standard,3.0,divorced,3.0,1,2,0,0.0,senior manager,22969.0,0
32.0,company invited,1,27.0,salaried,male,4,4.0,standard,3.0,divorced,5.0,0,3,1,1.0,senior manager,28502.0,1
39.0,company invited,1,6.0,salaried,male,2,3.0,king,3.0,married,2.0,1,3,0,1.0,vp,34197.0,0
27.0,company invited,1,7.0,salaried,female,3,4.0,deluxe,4.0,married,3.0,0,5,1,2.0,manager,25075.0,0
29.0,company invited,1,13.0,salaried,male,3,5.0,basic,3.0,married,3.0,1,4,1,1.0,executive,21381.0,0
44.0,self enquiry,1,18.0,salaried,male,2,4.0,standard,3.0,married,3.0,0,1,1,1.0,senior manager,26188.0,0
42.0,self enquiry,1,26.0,salaried,male,3,4.0,deluxe,5.0,married,4.0,0,1,0,1.0,manager,21750.0,0
33.0,self enquiry,3,11.0,small business,female,2,3.0,basic,3.0,single,2.0,1,2,1,0.0,executive,17851.0,1
47.0,self enquiry,3,17.0,small business,female,4,5.0,standard,3.0,divorced,4.0,1,2,1,2.0,senior manager,27749.0,0
32.0,company invited,1,22.0,small business,male,4,4.0,basic,3.0,married,3.0,0,4,1,1.0,executive,21288.0,1
36.0,self enquiry,1,11.0,salaried,female,2,3.0,standard,5.0,married,5.0,0,4,1,1.0,senior manager,23008.0,0
23.0,self enquiry,1,12.0,salaried,male,3,1.0,basic,5.0,divorced,2.0,1,3,1,2.0,executive,16601.0,1
33.0,self enquiry,1,9.0,small business,female,4,3.0,deluxe,3.0,single,2.0,0,3,1,3.0,manager,23733.0,0
44.0,company invited,1,7.0,salaried,female,3,4.0,deluxe,3.0,married,6.0,0,1,1,2.0,manager,24240.0,0
51.0,self enquiry,1,8.0,small business,male,2,5.0,deluxe,4.0,married,6.0,0,1,0,1.0,manager,20482.0,0
26.0,self enquiry,3,6.0,salaried,male,2,3.0,deluxe,3.0,divorced,2.0,0,5,1,0.0,manager,20296.0,0
37.0,self enquiry,3,10.0,small business,female,3,4.0,deluxe,4.0,single,5.0,1,4,0,2.0,manager,27956.0,0
36.0,self enquiry,1,13.0,salaried,male,3,3.0,basic,4.0,single,3.0,0,1,0,2.0,executive,17013.0,0
35.0,self enquiry,3,15.0,large business,male,4,2.0,deluxe,3.0,married,3.0,0,1,0,3.0,manager,25477.0,0
42.0,self enquiry,1,8.0,small business,female,2,4.0,basic,5.0,married,1.0,1,4,1,0.0,executive,17593.0,0
34.0,self enquiry,1,16.0,salaried,male,2,3.0,basic,4.0,married,2.0,0,1,1,1.0,executive,17008.0,0
35.0,self enquiry,1,13.0,salaried,male,3,3.0,basic,4.0,single,2.0,1,3,1,1.0,executive,20363.0,1
41.0,self enquiry,1,9.0,small business,female,3,5.0,basic,3.0,single,2.0,1,3,0,1.0,executive,21020.0,0
29.0,self enquiry,1,14.0,small business,male,3,4.0,deluxe,3.0,divorced,2.0,1,3,0,0.0,manager,20056.0,0
40.0,self enquiry,3,32.0,small business,male,3,3.0,deluxe,5.0,married,2.0,0,1,1,2.0,manager,23396.0,0
40.0,company invited,1,29.0,small business,female,3,4.0,standard,5.0,single,3.0,1,5,1,2.0,senior manager,29558.0,0
39.0,company invited,3,27.0,salaried,female,2,5.0,deluxe,3.0,married,7.0,0,5,0,0.0,manager,20736.0,0
58.0,self enquiry,1,29.0,small business,female,3,3.0,standard,3.0,married,2.0,0,3,1,0.0,senior manager,25312.0,1
41.0,company invited,2,10.0,salaried,male,2,5.0,deluxe,4.0,married,7.0,0,5,0,1.0,manager,21430.0,0
53.0,self enquiry,1,15.0,small business,male,3,5.0,deluxe,4.0,married,4.0,0,1,1,1.0,manager,23619.0,1
45.0,self enquiry,1,6.0,small business,female,3,3.0,basic,3.0,married,4.0,0,5,0,1.0,executive,17270.0,0
36.0,company invited,3,25.0,small business,female,4,4.0,deluxe,3.0,divorced,2.0,1,5,1,3.0,manager,23292.0,1
47.0,self enquiry,1,7.0,small business,male,4,4.0,standard,5.0,married,2.0,0,1,0,3.0,senior manager,28074.0,0
28.0,self enquiry,1,24.0,large business,male,3,4.0,basic,4.0,married,2.0,1,4,0,1.0,executive,21736.0,0
26.0,self enquiry,3,10.0,small business,male,2,4.0,deluxe,3.0,single,2.0,1,1,1,0.0,manager,20828.0,1
27.0,self enquiry,1,11.0,salaried,male,3,4.0,basic,3.0,single,3.0,1,1,0,1.0,executive,21553.0,0
49.0,self enquiry,1,10.0,small business,male,2,4.0,king,3.0,divorced,3.0,0,3,0,0.0,vp,33711.0,0
35.0,self enquiry,3,14.0,salaried,female,3,3.0,basic,3.0,married,2.0,0,3,1,2.0,executive,17572.0,0
26.0,self enquiry,3,12.0,small business,male,3,5.0,deluxe,3.0,single,3.0,1,3,1,1.0,manager,24422.0,1
34.0,self enquiry,3,15.0,small business,male,3,4.0,deluxe,3.0,married,2.0,0,2,1,2.0,manager,25782.0,0
32.0,self enquiry,3,16.0,small business,male,2,3.0,deluxe,3.0,single,2.0,0,4,0,1.0,manager,20396.0,0
25.0,self enquiry,3,19.0,small business,male,2,3.0,basic,3.0,married,2.0,0,3,1,1.0,executive,17096.0,0
39.0,self enquiry,2,7.0,salaried,male,3,2.0,basic,3.0,married,3.0,0,4,1,1.0,executive,21522.0,0
37.0,company invited,3,10.0,small business,male,3,5.0,standard,3.0,married,6.0,0,1,0,1.0,senior manager,28377.0,0
31.0,company invited,1,16.0,small business,male,4,4.0,deluxe,5.0,married,3.0,0,1,1,2.0,manager,21750.0,0
26.0,company invited,1,6.0,salaried,female,2,3.0,deluxe,4.0,married,2.0,0,5,1,1.0,manager,21397.0,0
30.0,self enquiry,3,35.0,large business,male,2,3.0,standard,4.0,married,4.0,0,4,0,1.0,senior manager,24250.0,0
24.0,self enquiry,1,33.0,salaried,male,3,4.0,basic,3.0,married,3.0,0,2,1,2.0,executive,21582.0,0
31.0,company invited,3,32.0,small business,male,3,3.0,deluxe,3.0,married,2.0,1,3,0,1.0,manager,20617.0,1
50.0,self enquiry,1,8.0,small business,male,3,3.0,super deluxe,3.0,married,6.0,0,1,0,1.0,avp,32639.0,0
22.0,self enquiry,1,11.0,salaried,male,2,2.0,basic,4.0,married,2.0,1,4,0,0.0,executive,17328.0,0
33.0,self enquiry,1,10.0,small business,female,2,4.0,basic,4.0,married,7.0,0,4,0,1.0,executive,17622.0,0
57.0,self enquiry,3,35.0,small business,male,2,4.0,super deluxe,3.0,married,4.0,0,3,0,0.0,avp,29118.0,0
28.0,company invited,1,6.0,small business,male,2,4.0,basic,4.0,married,2.0,0,4,1,0.0,executive,17596.0,1
40.0,self enquiry,1,21.0,salaried,female,3,4.0,standard,3.0,married,2.0,0,1,1,1.0,senior manager,25435.0,0
44.0,self enquiry,1,16.0,salaried,male,2,3.0,deluxe,3.0,married,3.0,1,3,0,1.0,manager,21465.0,0
35.0,company invited,3,14.0,small business,female,3,4.0,standard,3.0,divorced,5.0,1,5,1,2.0,senior manager,25377.0,0
46.0,self enquiry,1,13.0,small business,male,3,3.0,standard,3.0,married,7.0,0,1,1,1.0,senior manager,25845.0,0
31.0,company invited,1,10.0,salaried,male,3,4.0,basic,3.0,divorced,6.0,0,3,0,2.0,executive,20775.0,0
25.0,self enquiry,1,7.0,small business,male,4,4.0,basic,3.0,married,4.0,1,3,0,3.0,executive,20971.0,1
55.0,company invited,1,24.0,small business,male,3,3.0,deluxe,4.0,married,4.0,1,5,1,1.0,manager,21385.0,0
38.0,self enquiry,1,17.0,salaried,female,3,4.0,basic,5.0,married,2.0,1,3,1,2.0,executive,21460.0,0
50.0,self enquiry,3,6.0,small business,female,3,3.0,king,3.0,married,4.0,0,2,1,1.0,vp,34517.0,0
57.0,self enquiry,1,14.0,salaried,male,3,6.0,standard,3.0,single,6.0,0,2,0,1.0,senior manager,25938.0,0
59.0,company invited,2,8.0,salaried,female,2,4.0,king,3.0,married,1.0,0,1,0,1.0,vp,33844.0,0
29.0,self enquiry,1,12.0,large business,male,3,4.0,basic,3.0,single,3.0,1,1,0,1.0,executive,22119.0,1
28.0,self enquiry,1,18.0,salaried,female,3,3.0,basic,3.0,divorced,2.0,1,4,1,0.0,executive,17515.0,1
38.0,self enquiry,1,26.0,salaried,male,3,4.0,deluxe,3.0,married,5.0,0,1,0,1.0,manager,24446.0,0
26.0,company invited,1,9.0,large business,male,3,3.0,basic,5.0,single,1.0,0,3,0,2.0,executive,18102.0,1
37.0,self enquiry,1,15.0,large business,female,3,4.0,standard,3.0,married,3.0,0,4,1,2.0,senior manager,28774.0,0
29.0,company invited,1,16.0,salaried,female,3,3.0,basic,4.0,married,1.0,0,5,0,0.0,executive,18291.0,0
43.0,self enquiry,1,20.0,small business,male,4,2.0,deluxe,5.0,married,7.0,0,4,1,1.0,manager,24216.0,0
38.0,self enquiry,1,8.0,small business,male,3,3.0,basic,3.0,divorced,7.0,1,4,0,0.0,executive,18057.0,0
30.0,self enquiry,3,10.0,small business,female,3,4.0,deluxe,4.0,married,2.0,1,3,1,1.0,manager,20209.0,0
34.0,self enquiry,3,10.0,salaried,male,3,3.0,standard,3.0,married,3.0,1,4,0,2.0,senior manager,24713.0,0
35.0,company invited,3,13.0,small business,female,3,6.0,basic,3.0,married,2.0,0,4,0,2.0,executive,21029.0,1
40.0,self enquiry,3,10.0,small business,female,3,4.0,deluxe,3.0,married,6.0,1,4,1,2.0,manager,23916.0,1
23.0,self enquiry,1,7.0,salaried,male,3,5.0,deluxe,3.0,married,8.0,0,1,1,2.0,manager,23453.0,0
51.0,company invited,3,15.0,large business,male,3,4.0,deluxe,3.0,married,5.0,1,5,0,1.0,manager,25474.0,1
31.0,self enquiry,1,32.0,salaried,male,2,3.0,basic,3.0,married,2.0,0,3,1,1.0,executive,17911.0,0
50.0,self enquiry,1,30.0,salaried,male,3,3.0,super deluxe,3.0,divorced,4.0,1,4,0,0.0,avp,28973.0,0
33.0,self enquiry,1,6.0,salaried,male,3,4.0,basic,5.0,single,4.0,1,4,1,1.0,executive,17799.0,0
26.0,self enquiry,3,10.0,small business,male,2,4.0,deluxe,3.0,single,2.0,1,2,1,1.0,manager,20828.0,1
33.0,company invited,1,9.0,salaried,female,3,4.0,deluxe,3.0,single,6.0,1,5,1,2.0,manager,23676.0,0
36.0,self enquiry,3,22.0,small business,female,3,4.0,deluxe,5.0,divorced,5.0,0,5,1,0.0,manager,20647.0,0
54.0,company invited,1,6.0,salaried,female,2,3.0,standard,3.0,married,1.0,0,5,1,1.0,senior manager,25502.0,0
26.0,self enquiry,1,10.0,salaried,male,2,3.0,basic,3.0,single,2.0,1,1,0,0.0,executive,17875.0,0
38.0,self enquiry,3,9.0,salaried,male,2,3.0,deluxe,3.0,single,1.0,1,3,1,0.0,manager,21861.0,0
35.0,company invited,3,6.0,small business,female,3,3.0,standard,3.0,single,2.0,0,5,1,0.0,senior manager,23789.0,0
30.0,company invited,1,7.0,large business,male,3,4.0,deluxe,3.0,married,3.0,0,3,0,1.0,manager,22997.0,0
36.0,company invited,3,14.0,large business,male,2,3.0,deluxe,3.0,married,5.0,0,3,1,0.0,manager,20079.0,0
30.0,company invited,3,9.0,salaried,male,4,4.0,deluxe,3.0,married,3.0,0,1,1,2.0,manager,23327.0,0
31.0,company invited,3,8.0,salaried,male,2,3.0,deluxe,5.0,single,1.0,0,1,0,0.0,manager,20332.0,0
57.0,self enquiry,1,6.0,small business,male,2,3.0,deluxe,3.0,divorced,3.0,0,3,1,1.0,manager,21755.0,0
56.0,self enquiry,1,13.0,salaried,male,2,5.0,standard,3.0,single,5.0,0,2,0,0.0,senior manager,22260.0,0
23.0,self enquiry,3,8.0,large business,male,3,3.0,basic,5.0,married,4.0,0,3,1,1.0,executive,17322.0,0
46.0,company invited,3,13.0,small business,female,3,5.0,standard,3.0,single,8.0,0,4,1,1.0,senior manager,27543.0,0
34.0,company invited,3,7.0,salaried,female,3,3.0,deluxe,5.0,divorced,4.0,0,3,1,1.0,manager,24054.0,0
28.0,self enquiry,3,16.0,small business,male,3,4.0,deluxe,3.0,single,3.0,0,1,0,2.0,manager,22783.0,0
42.0,company invited,3,32.0,small business,female,3,3.0,super deluxe,4.0,married,6.0,0,3,1,1.0,avp,28525.0,0
38.0,self enquiry,3,16.0,small business,male,3,4.0,standard,3.0,married,1.0,1,3,1,0.0,senior manager,23740.0,0
44.0,company invited,1,35.0,small business,female,4,2.0,basic,3.0,single,6.0,0,3,0,3.0,executive,23417.0,0
49.0,self enquiry,1,9.0,large business,male,4,2.0,basic,4.0,single,7.0,0,2,0,3.0,executive,21237.0,0
45.0,self enquiry,1,16.0,salaried,male,3,3.0,basic,3.0,divorced,4.0,0,5,1,0.0,executive,17654.0,0
23.0,company invited,3,15.0,small business,male,2,3.0,basic,5.0,married,2.0,0,5,1,0.0,executive,16790.0,1
47.0,self enquiry,3,7.0,small business,female,4,4.0,standard,5.0,married,3.0,0,2,1,2.0,senior manager,29131.0,0
32.0,self enquiry,3,14.0,salaried,male,3,5.0,standard,3.0,married,2.0,0,3,1,1.0,senior manager,30235.0,0
54.0,self enquiry,3,8.0,salaried,female,2,4.0,standard,3.0,married,7.0,0,5,1,1.0,senior manager,25686.0,0
41.0,self enquiry,3,17.0,small business,male,4,5.0,standard,4.0,married,4.0,0,4,1,2.0,senior manager,28383.0,0
30.0,self enquiry,1,15.0,small business,male,2,4.0,basic,3.0,single,2.0,0,4,1,1.0,executive,17206.0,0
30.0,company invited,1,10.0,large business,male,2,3.0,basic,3.0,single,1.0,1,4,1,0.0,executive,17285.0,1
39.0,self enquiry,3,9.0,small business,female,2,3.0,deluxe,3.0,married,5.0,1,4,1,1.0,manager,20238.0,1
35.0,self enquiry,1,8.0,salaried,male,2,4.0,standard,4.0,married,3.0,0,4,1,0.0,senior manager,25274.0,0
30.0,self enquiry,3,17.0,small business,male,3,4.0,basic,4.0,married,3.0,0,2,0,2.0,executive,20975.0,0
54.0,company invited,1,17.0,small business,female,2,3.0,super deluxe,3.0,married,4.0,0,3,1,0.0,avp,31032.0,0
34.0,company invited,2,29.0,salaried,female,2,3.0,standard,5.0,married,1.0,1,3,1,0.0,senior manager,24950.0,1
43.0,self enquiry,1,18.0,salaried,male,2,4.0,super deluxe,4.0,married,2.0,0,3,0,1.0,avp,29336.0,0
33.0,self enquiry,3,31.0,small business,male,2,4.0,standard,4.0,single,3.0,1,5,1,0.0,senior manager,23380.0,1
26.0,self enquiry,3,26.0,small business,male,3,5.0,basic,4.0,married,3.0,1,1,0,2.0,executive,21091.0,1
32.0,self enquiry,1,7.0,small business,male,3,4.0,basic,4.0,single,3.0,0,3,1,1.0,executive,21179.0,0
46.0,self enquiry,1,36.0,large business,male,3,4.0,standard,3.0,divorced,6.0,1,5,1,1.0,senior manager,28058.0,0
43.0,company invited,1,33.0,salaried,female,2,3.0,standard,5.0,divorced,1.0,0,4,0,0.0,senior manager,25820.0,0
31.0,company invited,1,21.0,small business,male,3,3.0,basic,3.0,married,2.0,0,4,1,0.0,executive,17610.0,1
39.0,self enquiry,3,27.0,salaried,male,2,4.0,deluxe,3.0,divorced,4.0,1,1,0,1.0,manager,21120.0,0
28.0,self enquiry,1,30.0,salaried,male,2,4.0,basic,3.0,single,6.0,1,2,0,0.0,executive,17028.0,1
43.0,self enquiry,1,20.0,salaried,male,3,3.0,super deluxe,5.0,married,7.0,0,5,1,1.0,avp,32159.0,0
45.0,self enquiry,1,15.0,salaried,male,4,2.0,basic,3.0,divorced,4.0,1,3,1,3.0,executive,21496.0,0
29.0,company invited,1,7.0,salaried,female,3,6.0,deluxe,3.0,divorced,2.0,0,3,1,1.0,manager,25352.0,0
26.0,self enquiry,1,22.0,small business,male,2,3.0,basic,4.0,married,3.0,1,2,1,1.0,executive,17373.0,1
36.0,self enquiry,3,7.0,small business,male,3,4.0,deluxe,3.0,married,2.0,0,3,0,2.0,manager,23395.0,0
46.0,self enquiry,3,16.0,small business,female,3,4.0,standard,3.0,married,3.0,1,1,0,0.0,senior manager,24071.0,0
34.0,self enquiry,3,23.0,salaried,female,4,4.0,standard,5.0,single,4.0,1,5,0,1.0,senior manager,27242.0,1
38.0,self enquiry,3,20.0,salaried,male,3,3.0,deluxe,4.0,married,1.0,0,5,1,2.0,manager,24924.0,0
40.0,company invited,1,17.0,large business,female,3,3.0,deluxe,3.0,married,2.0,0,3,1,1.0,manager,21323.0,0
32.0,company invited,1,7.0,salaried,male,3,6.0,deluxe,5.0,married,3.0,0,1,1,2.0,manager,23681.0,0
31.0,company invited,1,13.0,salaried,female,2,4.0,standard,3.0,divorced,2.0,0,2,1,1.0,senior manager,23943.0,0
45.0,company invited,1,31.0,small business,male,3,6.0,basic,3.0,single,4.0,0,3,0,2.0,executive,22386.0,0
50.0,self enquiry,1,14.0,salaried,male,3,5.0,standard,3.0,single,2.0,0,2,1,2.0,senior manager,29643.0,0
37.0,self enquiry,3,16.0,salaried,male,3,5.0,basic,5.0,single,2.0,0,1,0,1.0,executive,22085.0,1
41.0,self enquiry,1,9.0,small business,female,3,5.0,basic,3.0,single,2.0,1,3,1,2.0,executive,21020.0,0
43.0,self enquiry,2,9.0,large business,male,3,4.0,basic,3.0,married,2.0,1,4,1,2.0,executive,21374.0,0
39.0,company invited,3,17.0,large business,female,3,4.0,deluxe,3.0,single,3.0,1,3,0,2.0,manager,24344.0,0
26.0,self enquiry,1,30.0,large business,male,3,5.0,basic,3.0,single,2.0,1,3,0,1.0,executive,17340.0,1
41.0,company invited,3,35.0,salaried,male,3,6.0,standard,5.0,married,5.0,0,5,1,1.0,senior manager,29610.0,0
27.0,self enquiry,3,36.0,small business,male,3,4.0,deluxe,3.0,married,7.0,0,5,1,1.0,manager,22984.0,0
34.0,company invited,1,7.0,small business,male,3,5.0,basic,3.0,married,3.0,0,3,0,1.0,executive,20686.0,0
45.0,self enquiry,1,6.0,small business,female,3,3.0,basic,3.0,married,4.0,0,5,1,0.0,executive,17270.0,0
26.0,self enquiry,1,8.0,small business,male,2,1.0,deluxe,3.0,married,2.0,0,3,1,1.0,manager,20472.0,0
28.0,self enquiry,1,11.0,salaried,female,4,4.0,basic,3.0,single,3.0,0,2,1,2.0,executive,20996.0,0
25.0,company invited,1,16.0,salaried,male,3,5.0,basic,4.0,married,3.0,0,5,1,1.0,executive,21372.0,0
27.0,self enquiry,1,31.0,large business,male,4,6.0,basic,3.0,single,3.0,1,3,1,3.0,executive,21018.0,1
39.0,company invited,1,28.0,small business,female,2,3.0,standard,5.0,single,2.0,1,5,1,0.0,senior manager,25880.0,0
38.0,self enquiry,1,17.0,small business,female,4,4.0,basic,5.0,divorced,8.0,0,2,1,2.0,executive,22130.0,0
30.0,company invited,1,6.0,salaried,male,2,4.0,standard,3.0,single,2.0,0,5,1,1.0,senior manager,23474.0,0
30.0,company invited,1,9.0,salaried,male,2,3.0,basic,3.0,married,5.0,0,3,1,0.0,executive,17097.0,0
33.0,self enquiry,1,7.0,salaried,male,4,4.0,basic,5.0,single,3.0,0,2,0,3.0,executive,21634.0,0
